,金刚石负荷功率,玄武岩负荷功率,单位
0,88.99,210,kW
1,88.99,211,kW
2,88.99,212,kW
3,88.99,213,kW
4,88.99,214,kW
5,88.99,215,kW
6,88.99,216,kW
7,88.99,217,kW
8,88.99,218,kW
9,88.99,219,kW
10,88.99,220,kW
11,88.99,221,kW
12,88.99,222,kW
13,88.99,223,kW
14,88.99,224,kW
15,88.99,225,kW
16,88.99,226,kW
17,88.99,227,kW
18,88.99,228,kW
19,88.99,226,kW
20,88.99,226,kW
21,88.99,226,kW
22,88.99,226,kW
23,88.99,226,kW
24,198,226,kW
25,221.08,226,kW
26,267.24,226,kW
27,290.33,226,kW
28,290.33,226,kW
29,290.33,227,kW
30,290.33,226,kW
31,339.83,226,kW
32,394.89,226,kW
33,394.89,226,kW
34,394.89,226,kW
35,394.89,226,kW
36,394.89,226,kW
37,394.89,226,kW
38,394.89,226,kW
39,394.89,226,kW
40,394.89,226,kW
41,394.89,226,kW
42,389.33,226,kW
43,389.33,226,kW
44,389.66,226,kW
45,389.33,226,kW
46,389.33,226,kW
47,389.33,226,kW
48,389.33,226,kW
49,389.33,226,kW
50,389.33,226,kW
51,389.33,226,kW
52,389.33,226,kW
53,389.33,227,kW
54,389.33,227,kW
55,389.33,227,kW
56,394.89,227,kW
57,394.89,227,kW
58,394.89,227,kW
59,394.89,227,kW
60,394.89,227,kW
61,394.89,227,kW
62,394.89,227,kW
63,394.89,227,kW
64,394.89,227,kW
65,394.89,227,kW
66,389.33,227,kW
67,389.33,227,kW
68,389.33,227,kW
69,389.33,227,kW
70,389.66,227,kW
71,389.33,227,kW
72,389.33,227,kW
73,389.33,227,kW
74,389.33,227,kW
75,389.33,227,kW
76,389.33,227,kW
77,389.33,227,kW
78,389.33,227,kW
79,389.33,227,kW
80,394.89,227,kW
81,394.89,227,kW
82,394.89,227,kW
83,394.89,227,kW
84,394.89,227,kW
85,394.89,227,kW
86,394.89,227,kW
87,394.89,227,kW
88,394.89,227,kW
89,394.89,227,kW
90,389.33,227,kW
91,389.33,227,kW
92,389.33,227,kW
93,389.33,227,kW
94,389.33,227,kW
95,389.33,227,kW
96,389.33,227,kW
97,389.66,227,kW
98,389.33,227,kW
99,389.33,227,kW
100,389.33,227,kW
101,389.33,227,kW
102,389.33,227,kW
103,389.33,227,kW
104,394.89,227,kW
105,394.89,227,kW
106,394.89,227,kW
107,394.89,227,kW
108,394.89,227,kW
109,394.89,227,kW
110,394.89,227,kW
111,394.89,227,kW
112,394.89,227,kW
113,394.89,227,kW
114,389.33,227,kW
115,389.33,227,kW
116,389.33,227,kW
117,389.33,227,kW
118,389.33,227,kW
119,389.33,227,kW
120,389.33,227,kW
121,389.33,227,kW
122,389.33,227,kW
123,389.33,227,kW
124,389.66,227,kW
125,389.33,227,kW
126,389.33,227,kW
127,389.33,227,kW
128,394.89,227,kW
129,394.89,227,kW
130,394.89,227,kW
131,394.89,227,kW
132,394.89,227,kW
133,394.89,227,kW
134,394.89,227,kW
135,394.89,227,kW
136,394.89,227,kW
137,394.89,227,kW
138,389.33,217,kW
139,389.33,218,kW
140,389.33,219,kW
141,389.33,220,kW
142,389.33,221,kW
143,389.33,222,kW
144,388.54,223,kW
145,386.97,224,kW
146,385.39,225,kW
147,383.82,226,kW
148,382.25,227,kW
149,380.67,227,kW
150,379.43,227,kW
151,377.53,227,kW
152,381.52,227,kW
153,379.94,227,kW
154,378.37,227,kW
155,376.8,227,kW
156,375.22,227,kW
157,373.65,227,kW
158,372.08,227,kW
159,370.5,227,kW
160,368.93,227,kW
161,367.36,227,kW
162,360.22,227,kW
163,358.65,227,kW
164,357.08,227,kW
165,355.5,227,kW
166,353.93,227,kW
167,352.36,227,kW
168,350.78,227,kW
169,349.21,227,kW
170,347.64,227,kW
171,346.06,227,kW
172,344.49,227,kW
173,342.92,227,kW
174,341.34,227,kW
175,339.77,227,kW
176,343.76,227,kW
177,342.52,227,kW
178,340.61,227,kW
179,339.04,227,kW
180,337.47,227,kW
181,335.89,227,kW
182,334.32,227,kW
183,332.75,227,kW
184,331.17,227,kW
185,329.6,227,kW
186,322.46,227,kW
187,320.89,227,kW
188,319.32,227,kW
189,317.75,227,kW
190,316.17,227,kW
191,314.6,227,kW
192,313.03,227,kW
193,311.45,227,kW
194,309.88,227,kW
195,308.31,227,kW
196,306.73,227,kW
197,305.16,227,kW
198,303.59,227,kW
199,302.01,227,kW
200,306,227,kW
201,304.43,227,kW
202,302.86,227,kW
203,301.28,227,kW
204,300.04,227,kW
205,298.14,227,kW
206,296.56,227,kW
207,294.99,227,kW
208,293.42,227,kW
209,291.84,227,kW
210,284.71,227,kW
211,283.13,227,kW
212,281.56,227,kW
213,279.99,227,kW
214,292.97,227,kW
215,320.5,227,kW
216,348.03,227,kW
217,375.56,227,kW
218,373.38,227,kW
219,341.49,227,kW
220,309.61,227,kW
221,277.72,227,kW
222,245.83,227,kW
223,213.94,227,kW
224,94.55,227,kW
225,203.56,227,kW
226,226.64,227,kW
227,272.81,227,kW
228,295.89,227,kW
229,295.89,227,kW
230,295.89,227,kW
231,295.89,227,kW
232,345.39,227,kW
233,394.89,227,kW
234,389.33,227,kW
235,389.33,227,kW
236,389.33,227,kW
237,389.33,227,kW
238,389.33,227,kW
239,389.33,227,kW
240,389.33,227,kW
241,389.33,227,kW
242,389.33,227,kW
243,389.33,227,kW
244,389.33,227,kW
245,389.66,227,kW
246,389.33,227,kW
247,389.33,227,kW
248,394.89,227,kW
249,394.89,227,kW
250,394.89,227,kW
251,394.89,227,kW
252,394.89,227,kW
253,394.89,227,kW
254,394.89,227,kW
255,394.89,227,kW
256,394.89,227,kW
257,394.89,227,kW
258,389.33,227,kW
259,389.33,227,kW
260,389.33,227,kW
261,389.33,227,kW
262,389.33,227,kW
263,389.33,227,kW
264,389.33,227,kW
265,389.33,227,kW
266,389.33,227,kW
267,389.33,227,kW
268,389.33,227,kW
269,389.33,227,kW
270,389.33,227,kW
271,389.66,227,kW
272,394.89,227,kW
273,394.89,227,kW
274,394.89,227,kW
275,394.89,227,kW
276,394.89,227,kW
277,394.89,227,kW
278,394.89,227,kW
279,394.89,227,kW
280,394.89,227,kW
281,394.89,227,kW
282,389.33,227,kW
283,389.33,227,kW
284,389.33,227,kW
285,389.33,227,kW
286,389.33,227,kW
287,389.33,227,kW
288,389.33,227,kW
289,389.33,227,kW
290,389.33,227,kW
291,389.33,227,kW
292,389.33,227,kW
293,389.33,227,kW
294,389.33,227,kW
295,389.33,227,kW
296,394.89,227,kW
297,394.89,227,kW
298,395.22,227,kW
299,394.89,227,kW
300,394.89,227,kW
301,394.89,227,kW
302,394.89,227,kW
303,394.89,227,kW
304,394.89,227,kW
305,394.89,227,kW
306,389.33,227,kW
307,389.33,227,kW
308,389.33,227,kW
309,389.33,227,kW
310,389.33,227,kW
311,389.33,227,kW
312,389.33,227,kW
313,389.33,227,kW
314,389.33,227,kW
315,389.33,227,kW
316,389.33,227,kW
317,389.33,227,kW
318,389.33,227,kW
319,389.33,227,kW
320,394.89,227,kW
321,394.89,227,kW
322,394.89,227,kW
323,394.89,227,kW
324,394.89,227,kW
325,395.22,227,kW
326,394.89,227,kW
327,394.89,227,kW
328,394.89,227,kW
329,394.89,227,kW
330,389.33,227,kW
331,389.33,227,kW
332,389.33,227,kW
333,389.33,227,kW
334,389.33,227,kW
335,389.33,227,kW
336,389.33,227,kW
337,389.33,227,kW
338,389.33,227,kW
339,389.33,227,kW
340,389.33,227,kW
341,389.33,227,kW
342,389.33,227,kW
343,389.33,227,kW
344,394.89,227,kW
345,394.1,227,kW
346,392.53,227,kW
347,390.96,227,kW
348,389.38,227,kW
349,387.81,227,kW
350,386.24,227,kW
351,385,227,kW
352,383.09,227,kW
353,381.52,227,kW
354,374.38,227,kW
355,372.81,227,kW
356,371.23,227,kW
357,369.66,227,kW
358,368.09,227,kW
359,366.51,227,kW
360,364.94,227,kW
361,363.37,227,kW
362,361.8,227,kW
363,360.22,227,kW
364,358.65,227,kW
365,357.08,227,kW
366,355.5,227,kW
367,353.93,227,kW
368,357.92,227,kW
369,356.34,227,kW
370,354.77,227,kW
371,353.2,227,kW
372,351.62,227,kW
373,350.05,227,kW
374,348.48,227,kW
375,346.91,227,kW
376,345.33,227,kW
377,343.76,227,kW
378,336.96,227,kW
379,335.05,227,kW
380,333.48,227,kW
381,331.9,227,kW
382,330.33,227,kW
383,328.76,227,kW
384,327.18,227,kW
385,325.61,227,kW
386,324.04,227,kW
387,322.46,227,kW
388,320.89,227,kW
389,319.32,227,kW
390,317.75,227,kW
391,316.17,227,kW
392,320.16,227,kW
393,318.59,227,kW
394,317.01,227,kW
395,315.44,227,kW
396,313.87,227,kW
397,312.29,227,kW
398,310.72,227,kW
399,309.15,227,kW
400,307.57,227,kW
401,306,227,kW
402,298.87,227,kW
403,297.29,227,kW
404,295.72,227,kW
405,294.48,227,kW
406,292.57,227,kW
407,291,227,kW
408,289.43,227,kW
409,287.85,227,kW
410,286.28,227,kW
411,284.71,227,kW
412,283.13,227,kW
413,281.56,227,kW
414,279.99,227,kW
415,292.97,227,kW
416,326.06,227,kW
417,353.59,227,kW
418,381.12,227,kW
419,378.94,227,kW
420,347.06,227,kW
421,315.17,227,kW
422,283.28,227,kW
423,251.39,227,kW
424,219.5,227,kW
425,94.55,227,kW
426,198,227,kW
427,221.08,227,kW
428,267.24,227,kW
429,290.33,227,kW
430,290.33,227,kW
431,290.33,227,kW
432,290.33,227,kW
433,339.83,227,kW
434,389.33,227,kW
435,389.33,227,kW
436,389.33,227,kW
437,389.33,227,kW
438,389.33,227,kW
439,389.33,227,kW
440,394.89,227,kW
441,394.89,227,kW
442,394.89,227,kW
443,394.89,227,kW
444,394.89,227,kW
445,394.89,227,kW
446,395.22,227,kW
447,394.89,227,kW
448,394.89,227,kW
449,394.89,227,kW
450,389.33,227,kW
451,389.33,227,kW
452,389.33,227,kW
453,389.33,227,kW
454,389.33,227,kW
455,389.33,227,kW
456,389.33,227,kW
457,389.33,227,kW
458,389.33,227,kW
459,389.33,227,kW
460,389.33,227,kW
461,389.33,227,kW
462,389.33,227,kW
463,389.33,227,kW
464,394.89,227,kW
465,394.89,227,kW
466,394.89,227,kW
467,394.89,227,kW
468,394.89,227,kW
469,394.89,227,kW
470,394.89,227,kW
471,394.89,227,kW
472,395.22,227,kW
473,394.89,227,kW
474,389.33,227,kW
475,389.33,227,kW
476,389.33,227,kW
477,389.33,227,kW
478,389.33,227,kW
479,389.33,227,kW
480,389.33,227,kW
481,389.33,227,kW
482,389.33,227,kW
483,389.33,227,kW
484,389.33,227,kW
485,389.33,227,kW
486,389.33,227,kW
487,389.33,227,kW
488,394.89,227,kW
489,394.89,227,kW
490,394.89,227,kW
491,394.89,227,kW
492,394.89,227,kW
493,394.89,227,kW
494,394.89,227,kW
495,394.89,227,kW
496,394.89,227,kW
497,394.89,227,kW
498,389.33,227,kW
499,389.66,227,kW
500,389.33,227,kW
501,389.33,227,kW
502,389.33,227,kW
503,389.33,227,kW
504,389.33,227,kW
505,389.33,227,kW
506,389.33,227,kW
507,389.33,227,kW
508,389.33,227,kW
509,389.33,227,kW
510,389.33,227,kW
511,389.33,227,kW
512,394.89,227,kW
513,394.89,227,kW
514,394.89,227,kW
515,394.89,227,kW
516,394.89,227,kW
517,394.89,227,kW
518,394.89,227,kW
519,394.89,227,kW
520,394.89,227,kW
521,394.89,227,kW
522,389.33,227,kW
523,389.33,227,kW
524,389.33,227,kW
525,389.33,227,kW
526,389.66,227,kW
527,389.33,227,kW
528,389.33,227,kW
529,389.33,227,kW
530,389.33,227,kW
531,389.33,227,kW
532,389.33,227,kW
533,389.33,227,kW
534,389.33,227,kW
535,389.33,227,kW
536,394.89,227,kW
537,394.89,227,kW
538,394.89,227,kW
539,394.89,227,kW
540,394.89,227,kW
541,394.89,227,kW
542,394.89,227,kW
543,394.89,227,kW
544,394.89,227,kW
545,394.89,227,kW
546,388.54,227,kW
547,386.97,227,kW
548,385.39,227,kW
549,383.82,227,kW
550,382.25,227,kW
551,380.67,227,kW
552,379.43,227,kW
553,377.53,227,kW
554,375.95,227,kW
555,374.38,227,kW
556,372.81,227,kW
557,371.23,227,kW
558,369.66,227,kW
559,368.09,227,kW
560,372.08,227,kW
561,370.5,227,kW
562,368.93,227,kW
563,367.36,227,kW
564,365.78,227,kW
565,364.21,227,kW
566,362.64,227,kW
567,361.06,227,kW
568,359.49,227,kW
569,357.92,227,kW
570,350.78,227,kW
571,349.21,227,kW
572,347.64,227,kW
573,346.06,227,kW
574,344.49,227,kW
575,342.92,227,kW
576,341.34,227,kW
577,339.77,227,kW
578,338.2,227,kW
579,336.96,227,kW
580,335.05,227,kW
581,333.48,227,kW
582,331.9,227,kW
583,330.33,227,kW
584,334.32,227,kW
585,332.75,227,kW
586,331.17,227,kW
587,329.6,227,kW
588,328.03,227,kW
589,326.45,227,kW
590,324.88,227,kW
591,323.31,227,kW
592,321.73,227,kW
593,320.16,227,kW
594,313.03,227,kW
595,311.45,227,kW
596,309.88,227,kW
597,308.31,227,kW
598,306.73,227,kW
599,305.16,227,kW
600,303.59,227,kW
601,302.01,227,kW
602,300.44,227,kW
603,298.87,227,kW
604,297.29,227,kW
605,295.72,227,kW
606,294.48,227,kW
607,292.57,227,kW
608,296.56,227,kW
609,294.99,227,kW
610,293.42,227,kW
611,291.84,227,kW
612,290.27,227,kW
613,288.7,227,kW
614,287.12,227,kW
615,285.55,227,kW
616,298.53,227,kW
617,326.06,227,kW
618,348.03,227,kW
619,375.56,227,kW
620,373.38,227,kW
621,341.49,227,kW
622,309.61,227,kW
623,277.72,227,kW
624,245.83,227,kW
625,213.94,227,kW
626,88.99,227,kW
627,198,227,kW
628,221.08,227,kW
629,267.24,227,kW
630,290.33,227,kW
631,290.33,227,kW
632,295.89,227,kW
633,295.89,227,kW
634,345.39,227,kW
635,394.89,227,kW
636,394.89,227,kW
637,394.89,227,kW
638,394.89,227,kW
639,394.89,227,kW
640,394.89,227,kW
641,394.89,227,kW
642,389.33,227,kW
643,389.33,227,kW
644,389.33,227,kW
645,389.33,227,kW
646,389.33,227,kW
647,389.66,227,kW
648,389.33,227,kW
649,389.33,227,kW
650,389.33,227,kW
651,389.33,227,kW
652,389.33,227,kW
653,389.33,227,kW
654,389.33,227,kW
655,389.33,227,kW
656,394.89,227,kW
657,394.89,227,kW
658,394.89,227,kW
659,394.89,227,kW
660,394.89,227,kW
661,394.89,227,kW
662,394.89,227,kW
663,394.89,227,kW
664,394.89,227,kW
665,394.89,227,kW
666,389.33,227,kW
667,389.33,227,kW
668,389.33,227,kW
669,389.33,227,kW
670,389.33,227,kW
671,389.33,227,kW
672,389.33,227,kW
673,389.66,227,kW
674,389.33,227,kW
675,389.33,227,kW
676,389.33,227,kW
677,389.33,227,kW
678,389.33,227,kW
679,389.33,227,kW
680,394.89,227,kW
681,394.89,227,kW
682,394.89,227,kW
683,394.89,227,kW
684,394.89,227,kW
685,394.89,227,kW
686,394.89,227,kW
687,394.89,227,kW
688,394.89,227,kW
689,394.89,227,kW
690,389.33,227,kW
691,389.33,227,kW
692,389.33,227,kW
693,389.33,227,kW
694,389.33,227,kW
695,389.33,227,kW
696,389.33,227,kW
697,389.33,227,kW
698,389.33,227,kW
699,389.33,227,kW
700,389.66,227,kW
701,389.33,227,kW
702,389.33,227,kW
703,389.33,227,kW
704,394.89,227,kW
705,394.89,227,kW
706,394.89,227,kW
707,394.89,227,kW
708,394.89,227,kW
709,394.89,227,kW
710,394.89,227,kW
711,394.89,227,kW
712,394.89,227,kW
713,394.89,227,kW
714,389.33,227,kW
715,389.33,227,kW
716,389.33,227,kW
717,389.33,227,kW
718,389.33,226,kW
719,389.33,226,kW
720,389.33,226,kW
721,389.33,226,kW
722,389.33,226,kW
723,389.33,226,kW
724,389.33,226,kW
725,389.33,226,kW
726,389.33,226,kW
727,389.66,226,kW
728,394.89,226,kW
729,394.89,226,kW
730,394.89,226,kW
731,394.89,226,kW
732,394.89,226,kW
733,394.89,226,kW
734,394.89,226,kW
735,394.89,226,kW
736,394.89,226,kW
737,394.89,226,kW
738,389.33,226,kW
739,389.33,226,kW
740,389.33,226,kW
741,389.33,226,kW
742,389.33,226,kW
743,389.33,226,kW
744,389.33,226,kW
745,389.33,226,kW
746,389.33,226,kW
747,388.54,226,kW
748,386.97,226,kW
749,385.39,226,kW
750,383.82,226,kW
751,382.25,226,kW
752,386.24,226,kW
753,385,226,kW
754,383.09,226,kW
755,381.52,226,kW
756,379.94,226,kW
757,378.37,226,kW
758,376.8,226,kW
759,375.22,226,kW
760,373.65,226,kW
761,372.08,226,kW
762,364.94,226,kW
763,363.37,226,kW
764,361.8,226,kW
765,360.22,226,kW
766,358.65,226,kW
767,357.08,226,kW
768,355.5,226,kW
769,353.93,226,kW
770,352.36,226,kW
771,350.78,226,kW
772,349.21,226,kW
773,347.64,226,kW
774,346.06,226,kW
775,344.49,226,kW
776,348.48,226,kW
777,346.91,226,kW
778,345.33,226,kW
779,343.76,226,kW
780,342.52,226,kW
781,340.61,226,kW
782,339.04,226,kW
783,337.47,226,kW
784,335.89,226,kW
785,334.32,226,kW
786,327.18,226,kW
787,325.61,226,kW
788,324.04,226,kW
789,322.46,226,kW
790,320.89,226,kW
791,319.32,226,kW
792,317.75,226,kW
793,316.17,226,kW
794,314.6,226,kW
795,313.03,226,kW
796,311.45,226,kW
797,309.88,226,kW
798,308.31,226,kW
799,306.73,226,kW
800,310.72,226,kW
801,309.15,226,kW
802,307.57,226,kW
803,306,226,kW
804,304.43,226,kW
805,302.86,226,kW
806,301.28,226,kW
807,300.04,226,kW
808,298.14,226,kW
809,296.56,226,kW
810,289.43,226,kW
811,287.85,226,kW
812,286.28,226,kW
813,284.71,226,kW
814,283.13,226,kW
815,281.56,226,kW
816,279.99,226,kW
817,292.97,226,kW
818,320.5,226,kW
819,348.03,226,kW
820,375.56,226,kW
821,373.38,226,kW
822,341.49,226,kW
823,309.61,226,kW
824,283.28,226,kW
825,251.39,226,kW
826,219.5,226,kW
827,94.55,226,kW
828,94.55,226,kW
829,94.55,226,kW
830,94.55,226,kW
831,94.55,226,kW
832,94.55,226,kW
833,94.55,226,kW
834,88.99,226,kW
835,88.99,226,kW
836,88.99,226,kW
837,88.99,226,kW
838,88.99,226,kW
839,88.99,226,kW
840,88.99,226,kW
841,88.99,226,kW
842,88.99,226,kW
843,88.99,226,kW
844,88.99,226,kW
845,88.99,226,kW
846,88.99,226,kW
847,88.99,226,kW
848,94.55,226,kW
849,94.55,226,kW
850,94.55,226,kW
851,94.55,226,kW
852,94.55,226,kW
853,94.55,226,kW
854,94.55,226,kW
855,94.55,226,kW
856,94.55,226,kW
857,94.55,226,kW
858,88.99,226,kW
859,88.99,226,kW
860,88.99,226,kW
861,88.99,226,kW
862,88.99,226,kW
863,88.99,226,kW
864,88.99,226,kW
865,88.99,226,kW
866,88.99,226,kW
867,88.99,226,kW
868,88.99,226,kW
869,88.99,226,kW
870,88.99,226,kW
871,88.99,226,kW
872,94.55,226,kW
873,94.55,226,kW
874,94.55,226,kW
875,94.55,226,kW
876,94.55,226,kW
877,94.55,226,kW
878,94.55,226,kW
879,94.55,226,kW
880,94.55,226,kW
881,94.55,226,kW
882,88.99,226,kW
883,88.99,226,kW
884,88.99,226,kW
885,88.99,226,kW
886,88.99,226,kW
887,88.99,226,kW
888,88.99,226,kW
889,88.99,226,kW
890,88.99,226,kW
891,88.99,226,kW
892,88.99,226,kW
893,88.99,226,kW
894,88.99,226,kW
895,88.99,226,kW
896,94.55,226,kW
897,94.55,226,kW
898,94.55,226,kW
899,94.55,226,kW
900,94.55,226,kW
901,94.55,226,kW
902,94.55,226,kW
903,94.55,226,kW
904,94.55,226,kW
905,94.55,226,kW
906,88.99,226,kW
907,88.99,226,kW
908,88.99,226,kW
909,88.99,226,kW
910,88.99,226,kW
911,88.99,226,kW
912,88.99,226,kW
913,88.99,226,kW
914,88.99,226,kW
915,88.99,226,kW
916,88.99,226,kW
917,88.99,226,kW
918,88.99,226,kW
919,88.99,226,kW
920,94.55,226,kW
921,94.55,226,kW
922,94.55,226,kW
923,94.55,226,kW
924,94.55,226,kW
925,94.55,226,kW
926,94.55,226,kW
927,94.55,226,kW
928,94.55,226,kW
929,94.55,226,kW
930,88.99,226,kW
931,88.99,226,kW
932,88.99,226,kW
933,88.99,226,kW
934,88.99,226,kW
935,88.99,226,kW
936,88.99,226,kW
937,88.99,226,kW
938,88.99,226,kW
939,88.99,226,kW
940,88.99,226,kW
941,88.99,226,kW
942,88.99,226,kW
943,88.99,226,kW
944,94.55,226,kW
945,94.55,226,kW
946,94.55,226,kW
947,94.55,226,kW
948,94.55,226,kW
949,94.55,226,kW
950,94.55,226,kW
951,94.55,226,kW
952,94.55,226,kW
953,94.55,226,kW
954,88.99,226,kW
955,88.99,226,kW
956,88.99,226,kW
957,88.99,226,kW
958,88.99,226,kW
959,88.99,226,kW
960,88.99,226,kW
961,88.99,226,kW
962,88.99,226,kW
963,88.99,226,kW
964,88.99,226,kW
965,88.99,226,kW
966,88.99,226,kW
967,88.99,226,kW
968,88.99,226,kW
969,88.99,226,kW
970,88.99,226,kW
971,88.99,226,kW
972,88.99,226,kW
973,88.99,226,kW
974,88.99,226,kW
975,88.99,226,kW
976,88.99,226,kW
977,88.99,226,kW
978,88.99,226,kW
979,88.99,226,kW
980,88.99,226,kW
981,88.99,226,kW
982,88.99,226,kW
983,88.99,226,kW
984,88.99,226,kW
985,88.99,226,kW
986,88.99,226,kW
987,88.99,226,kW
988,88.99,226,kW
989,88.99,226,kW
990,88.99,226,kW
991,88.99,226,kW
992,88.99,226,kW
993,88.99,226,kW
994,88.99,226,kW
995,88.99,226,kW
996,88.99,226,kW
997,88.99,226,kW
998,88.99,226,kW
999,88.99,226,kW
1000,88.99,226,kW
1001,88.99,226,kW
1002,88.99,226,kW
1003,88.99,226,kW
1004,88.99,226,kW
1005,88.99,226,kW
1006,88.99,226,kW
1007,88.99,226,kW
1008,88.99,226,kW
1009,88.99,226,kW
1010,88.99,226,kW
1011,88.99,226,kW
1012,88.99,226,kW
1013,88.99,226,kW
1014,88.99,226,kW
1015,88.99,226,kW
1016,88.99,226,kW
1017,88.99,226,kW
1018,88.99,226,kW
1019,88.99,226,kW
1020,88.99,226,kW
1021,88.99,226,kW
1022,88.99,226,kW
1023,88.99,226,kW
1024,88.99,226,kW
1025,88.99,226,kW
1026,88.99,226,kW
1027,88.99,226,kW
1028,88.99,226,kW
1029,88.99,226,kW
1030,88.99,226,kW
1031,88.99,226,kW
1032,88.99,226,kW
1033,88.99,226,kW
1034,88.99,226,kW
1035,88.99,226,kW
1036,88.99,226,kW
1037,88.99,226,kW
1038,88.99,226,kW
1039,88.99,226,kW
1040,88.99,226,kW
1041,88.99,226,kW
1042,88.99,226,kW
1043,88.99,226,kW
1044,88.99,226,kW
1045,88.99,226,kW
1046,88.99,226,kW
1047,88.99,226,kW
1048,88.99,226,kW
1049,88.99,226,kW
1050,88.99,226,kW
1051,88.99,226,kW
1052,88.99,226,kW
1053,88.99,226,kW
1054,88.99,226,kW
1055,88.99,226,kW
1056,88.99,226,kW
1057,88.99,226,kW
1058,88.99,226,kW
1059,88.99,226,kW
1060,88.99,226,kW
1061,88.99,226,kW
1062,88.99,226,kW
1063,88.99,226,kW
1064,88.99,226,kW
1065,88.99,226,kW
1066,88.99,226,kW
1067,88.99,226,kW
1068,88.99,226,kW
1069,88.99,226,kW
1070,88.99,226,kW
1071,88.99,226,kW
1072,88.99,226,kW
1073,88.99,226,kW
1074,88.99,226,kW
1075,88.99,226,kW
1076,88.99,226,kW
1077,88.99,226,kW
1078,88.99,226,kW
1079,88.99,226,kW
1080,88.99,226,kW
1081,88.99,226,kW
1082,88.99,226,kW
1083,88.99,226,kW
1084,88.99,226,kW
1085,88.99,226,kW
1086,88.99,226,kW
1087,88.99,226,kW
1088,88.99,226,kW
1089,88.99,226,kW
1090,88.99,226,kW
1091,88.99,226,kW
1092,88.99,226,kW
1093,88.99,226,kW
1094,88.99,226,kW
1095,88.99,226,kW
1096,88.99,226,kW
1097,88.99,226,kW
1098,88.99,226,kW
1099,88.99,226,kW
1100,88.99,226,kW
1101,88.99,226,kW
1102,88.99,226,kW
1103,88.99,226,kW
1104,88.99,226,kW
1105,88.99,226,kW
1106,88.99,226,kW
1107,88.99,226,kW
1108,88.99,226,kW
1109,88.99,226,kW
1110,88.99,226,kW
1111,88.99,226,kW
1112,88.99,226,kW
1113,88.99,226,kW
1114,88.99,226,kW
1115,88.99,226,kW
1116,88.99,225,kW
1117,88.99,225,kW
1118,88.99,225,kW
1119,88.99,225,kW
1120,88.99,225,kW
1121,88.99,225,kW
1122,88.99,225,kW
1123,88.99,225,kW
1124,88.99,225,kW
1125,88.99,225,kW
1126,88.99,225,kW
1127,88.99,225,kW
1128,88.99,225,kW
1129,88.99,225,kW
1130,88.99,225,kW
1131,88.99,225,kW
1132,88.99,225,kW
1133,88.99,225,kW
1134,88.99,225,kW
1135,88.99,225,kW
1136,88.99,225,kW
1137,88.99,225,kW
1138,88.99,225,kW
1139,88.99,225,kW
1140,88.99,225,kW
1141,88.99,225,kW
1142,88.99,225,kW
1143,88.99,225,kW
1144,88.99,225,kW
1145,88.99,225,kW
1146,88.99,225,kW
1147,88.99,225,kW
1148,88.99,225,kW
1149,88.99,225,kW
1150,88.99,225,kW
1151,88.99,225,kW
1152,198,225,kW
1153,221.08,225,kW
1154,267.24,225,kW
1155,290.33,225,kW
1156,290.33,225,kW
1157,290.33,225,kW
1158,290.33,225,kW
1159,339.83,225,kW
1160,394.89,225,kW
1161,394.89,225,kW
1162,394.89,225,kW
1163,394.89,225,kW
1164,394.89,225,kW
1165,394.89,225,kW
1166,394.89,225,kW
1167,394.89,225,kW
1168,394.89,225,kW
1169,394.89,225,kW
1170,389.33,225,kW
1171,389.33,225,kW
1172,389.66,225,kW
1173,389.33,225,kW
1174,389.33,225,kW
1175,389.33,225,kW
1176,389.33,225,kW
1177,389.33,225,kW
1178,389.33,225,kW
1179,389.33,225,kW
1180,389.33,225,kW
1181,389.33,225,kW
1182,389.33,225,kW
1183,389.33,225,kW
1184,394.89,225,kW
1185,394.89,225,kW
1186,394.89,225,kW
1187,394.89,225,kW
1188,394.89,225,kW
1189,394.89,225,kW
1190,394.89,225,kW
1191,394.89,225,kW
1192,394.89,225,kW
1193,394.89,225,kW
1194,389.33,225,kW
1195,389.33,225,kW
1196,389.33,225,kW
1197,389.33,225,kW
1198,389.66,225,kW
1199,389.33,225,kW
1200,389.33,225,kW
1201,389.33,225,kW
1202,389.33,225,kW
1203,389.33,225,kW
1204,389.33,225,kW
1205,389.33,225,kW
1206,389.33,225,kW
1207,389.33,225,kW
1208,394.89,225,kW
1209,394.89,225,kW
1210,394.89,225,kW
1211,394.89,225,kW
1212,394.89,225,kW
1213,394.89,225,kW
1214,394.89,225,kW
1215,394.89,225,kW
1216,394.89,225,kW
1217,394.89,225,kW
1218,389.33,225,kW
1219,389.33,225,kW
1220,389.33,225,kW
1221,389.33,225,kW
1222,389.33,225,kW
1223,389.33,225,kW
1224,389.33,225,kW
1225,389.66,225,kW
1226,389.33,225,kW
1227,389.33,225,kW
1228,389.33,225,kW
1229,389.33,225,kW
1230,389.33,225,kW
1231,389.33,225,kW
1232,394.89,225,kW
1233,394.89,225,kW
1234,394.89,225,kW
1235,394.89,225,kW
1236,394.89,225,kW
1237,394.89,225,kW
1238,394.89,225,kW
1239,394.89,225,kW
1240,394.89,225,kW
1241,394.89,225,kW
1242,389.33,225,kW
1243,389.33,225,kW
1244,389.33,225,kW
1245,389.33,225,kW
1246,389.33,225,kW
1247,389.33,225,kW
1248,389.33,225,kW
1249,389.33,225,kW
1250,389.33,225,kW
1251,389.33,225,kW
1252,389.66,225,kW
1253,389.33,225,kW
1254,389.33,225,kW
1255,389.33,225,kW
1256,394.89,225,kW
1257,394.89,225,kW
1258,394.89,225,kW
1259,394.89,225,kW
1260,394.89,225,kW
1261,394.89,225,kW
1262,394.89,225,kW
1263,394.89,225,kW
1264,394.89,225,kW
1265,394.89,225,kW
1266,389.33,225,kW
1267,389.33,225,kW
1268,389.33,225,kW
1269,389.33,225,kW
1270,389.33,225,kW
1271,389.33,225,kW
1272,388.54,225,kW
1273,386.97,225,kW
1274,385.39,225,kW
1275,383.82,225,kW
1276,382.25,225,kW
1277,380.67,225,kW
1278,379.43,225,kW
1279,377.53,225,kW
1280,381.52,225,kW
1281,379.94,225,kW
1282,378.37,225,kW
1283,376.8,225,kW
1284,375.22,225,kW
1285,373.65,225,kW
1286,372.08,225,kW
1287,370.5,225,kW
1288,368.93,225,kW
1289,367.36,225,kW
1290,360.22,225,kW
1291,358.65,225,kW
1292,357.08,225,kW
1293,355.5,225,kW
1294,353.93,225,kW
1295,352.36,225,kW
1296,350.78,225,kW
1297,349.21,225,kW
1298,347.64,225,kW
1299,346.06,225,kW
1300,344.49,225,kW
1301,342.92,225,kW
1302,341.34,225,kW
1303,339.77,225,kW
1304,343.76,225,kW
1305,342.52,225,kW
1306,340.61,225,kW
1307,339.04,225,kW
1308,337.47,225,kW
1309,335.89,225,kW
1310,334.32,225,kW
1311,332.75,225,kW
1312,331.17,225,kW
1313,329.6,225,kW
1314,322.46,225,kW
1315,320.89,225,kW
1316,319.32,225,kW
1317,317.75,225,kW
1318,316.17,225,kW
1319,314.6,225,kW
1320,313.03,225,kW
1321,311.45,225,kW
1322,309.88,225,kW
1323,308.31,225,kW
1324,306.73,225,kW
1325,305.16,225,kW
1326,303.59,225,kW
1327,302.01,225,kW
1328,306,225,kW
1329,304.43,225,kW
1330,302.86,225,kW
1331,301.28,225,kW
1332,300.04,225,kW
1333,298.14,225,kW
1334,296.56,225,kW
1335,294.99,225,kW
1336,293.42,225,kW
1337,291.84,225,kW
1338,284.71,225,kW
1339,283.13,225,kW
1340,281.56,225,kW
1341,279.99,225,kW
1342,292.97,225,kW
1343,320.5,225,kW
1344,348.03,225,kW
1345,375.56,225,kW
1346,373.38,225,kW
1347,341.49,225,kW
1348,309.61,225,kW
1349,277.72,225,kW
1350,245.83,225,kW
1351,213.94,225,kW
1352,94.55,225,kW
1353,203.56,225,kW
1354,226.64,225,kW
1355,272.81,225,kW
1356,295.89,225,kW
1357,295.89,225,kW
1358,295.89,225,kW
1359,295.89,225,kW
1360,345.39,225,kW
1361,394.89,225,kW
1362,389.33,225,kW
1363,389.33,225,kW
1364,389.33,225,kW
1365,389.33,225,kW
1366,389.33,225,kW
1367,389.33,225,kW
1368,389.33,225,kW
1369,389.33,225,kW
1370,389.33,225,kW
1371,389.33,225,kW
1372,389.33,225,kW
1373,389.66,225,kW
1374,389.33,225,kW
1375,389.33,225,kW
1376,394.89,225,kW
1377,394.89,225,kW
1378,394.89,225,kW
1379,394.89,225,kW
1380,394.89,225,kW
1381,394.89,225,kW
1382,394.89,225,kW
1383,394.89,225,kW
1384,394.89,225,kW
1385,394.89,225,kW
1386,389.33,225,kW
1387,389.33,225,kW
1388,389.33,225,kW
1389,389.33,225,kW
1390,389.33,225,kW
1391,389.33,225,kW
1392,389.33,225,kW
1393,389.33,225,kW
1394,389.33,225,kW
1395,389.33,225,kW
1396,389.33,225,kW
1397,389.33,225,kW
1398,389.33,225,kW
1399,389.66,225,kW
1400,394.89,225,kW
1401,394.89,225,kW
1402,394.89,225,kW
1403,394.89,225,kW
1404,394.89,225,kW
1405,394.89,225,kW
1406,394.89,225,kW
1407,394.89,225,kW
1408,394.89,225,kW
1409,394.89,225,kW
1410,389.33,225,kW
1411,389.33,225,kW
1412,389.33,225,kW
1413,389.33,225,kW
1414,389.33,225,kW
1415,389.33,225,kW
1416,389.33,225,kW
1417,389.33,225,kW
1418,389.33,225,kW
1419,389.33,225,kW
1420,389.33,225,kW
1421,389.33,225,kW
1422,389.33,225,kW
1423,389.33,225,kW
1424,394.89,225,kW
1425,394.89,225,kW
1426,395.22,225,kW
1427,394.89,225,kW
1428,394.89,225,kW
1429,394.89,225,kW
1430,394.89,225,kW
1431,394.89,225,kW
1432,394.89,225,kW
1433,394.89,225,kW
1434,389.33,225,kW
1435,389.33,225,kW
1436,389.33,225,kW
1437,389.33,225,kW
1438,389.33,225,kW
1439,389.33,225,kW
1440,389.33,225,kW
1441,389.33,225,kW
1442,389.33,225,kW
1443,389.33,225,kW
1444,389.33,225,kW
1445,389.33,225,kW
1446,389.33,225,kW
1447,389.33,225,kW
1448,394.89,225,kW
1449,394.89,225,kW
1450,394.89,225,kW
1451,394.89,225,kW
1452,394.89,225,kW
1453,395.22,225,kW
1454,394.89,225,kW
1455,394.89,225,kW
1456,394.89,225,kW
1457,394.89,225,kW
1458,389.33,225,kW
1459,389.33,225,kW
1460,389.33,225,kW
1461,389.33,225,kW
1462,389.33,225,kW
1463,389.33,225,kW
1464,389.33,225,kW
1465,389.33,225,kW
1466,389.33,225,kW
1467,389.33,225,kW
1468,389.33,225,kW
1469,389.33,225,kW
1470,389.33,225,kW
1471,389.33,225,kW
1472,394.89,225,kW
1473,394.1,225,kW
1474,392.53,225,kW
1475,390.96,225,kW
1476,389.38,225,kW
1477,387.81,225,kW
1478,386.24,225,kW
1479,385,225,kW
1480,383.09,225,kW
1481,381.52,225,kW
1482,374.38,225,kW
1483,372.81,225,kW
1484,371.23,225,kW
1485,369.66,225,kW
1486,368.09,225,kW
1487,366.51,225,kW
1488,364.94,225,kW
1489,363.37,225,kW
1490,361.8,225,kW
1491,360.22,225,kW
1492,358.65,225,kW
1493,357.08,225,kW
1494,355.5,225,kW
1495,353.93,225,kW
1496,357.92,225,kW
1497,356.34,225,kW
1498,354.77,225,kW
1499,353.2,225,kW
1500,351.62,225,kW
1501,350.05,225,kW
1502,348.48,225,kW
1503,346.91,225,kW
1504,345.33,225,kW
1505,343.76,225,kW
1506,336.96,225,kW
1507,335.05,225,kW
1508,333.48,225,kW
1509,331.9,225,kW
1510,330.33,225,kW
1511,328.76,225,kW
1512,327.18,225,kW
1513,325.61,225,kW
1514,324.04,225,kW
1515,322.46,225,kW
1516,320.89,225,kW
1517,319.32,225,kW
1518,317.75,225,kW
1519,316.17,225,kW
1520,320.16,225,kW
1521,318.59,225,kW
1522,317.01,225,kW
1523,315.44,225,kW
1524,313.87,225,kW
1525,312.29,225,kW
1526,310.72,225,kW
1527,309.15,225,kW
1528,307.57,225,kW
1529,306,225,kW
1530,298.87,225,kW
1531,297.29,225,kW
1532,295.72,225,kW
1533,294.48,225,kW
1534,292.57,225,kW
1535,291,225,kW
1536,289.43,225,kW
1537,287.85,225,kW
1538,286.28,225,kW
1539,284.71,225,kW
1540,283.13,225,kW
1541,281.56,225,kW
1542,279.99,225,kW
1543,292.97,225,kW
1544,326.06,225,kW
1545,353.59,225,kW
1546,381.12,225,kW
1547,378.94,225,kW
1548,347.06,225,kW
1549,315.17,225,kW
1550,283.28,225,kW
1551,251.39,225,kW
1552,219.5,225,kW
1553,94.55,225,kW
1554,198,225,kW
1555,221.08,225,kW
1556,267.24,225,kW
1557,290.33,225,kW
1558,290.33,225,kW
1559,290.33,225,kW
1560,290.33,225,kW
1561,339.83,225,kW
1562,389.33,225,kW
1563,389.33,225,kW
1564,389.33,225,kW
1565,389.33,225,kW
1566,389.33,225,kW
1567,389.33,225,kW
1568,394.89,225,kW
1569,394.89,225,kW
1570,394.89,225,kW
1571,394.89,225,kW
1572,394.89,225,kW
1573,394.89,225,kW
1574,395.22,224,kW
1575,394.89,224,kW
1576,394.89,224,kW
1577,394.89,224,kW
1578,389.33,224,kW
1579,389.33,224,kW
1580,389.33,224,kW
1581,389.33,224,kW
1582,389.33,224,kW
1583,389.33,224,kW
1584,389.33,224,kW
1585,389.33,224,kW
1586,389.33,224,kW
1587,389.33,224,kW
1588,389.33,224,kW
1589,389.33,224,kW
1590,389.33,224,kW
1591,389.33,224,kW
1592,394.89,224,kW
1593,394.89,224,kW
1594,394.89,224,kW
1595,394.89,224,kW
1596,394.89,224,kW
1597,394.89,224,kW
1598,394.89,224,kW
1599,394.89,224,kW
1600,395.22,224,kW
1601,394.89,224,kW
1602,389.33,224,kW
1603,389.33,224,kW
1604,389.33,224,kW
1605,389.33,224,kW
1606,389.33,224,kW
1607,389.33,224,kW
1608,389.33,224,kW
1609,389.33,224,kW
1610,389.33,224,kW
1611,389.33,224,kW
1612,389.33,224,kW
1613,389.33,224,kW
1614,389.33,224,kW
1615,389.33,224,kW
1616,394.89,224,kW
1617,394.89,224,kW
1618,394.89,224,kW
1619,394.89,224,kW
1620,394.89,224,kW
1621,394.89,224,kW
1622,394.89,224,kW
1623,394.89,224,kW
1624,394.89,224,kW
1625,394.89,224,kW
1626,389.33,224,kW
1627,389.66,224,kW
1628,389.33,224,kW
1629,389.33,224,kW
1630,389.33,224,kW
1631,389.33,224,kW
1632,389.33,224,kW
1633,389.33,224,kW
1634,389.33,224,kW
1635,389.33,224,kW
1636,389.33,224,kW
1637,389.33,224,kW
1638,389.33,224,kW
1639,389.33,224,kW
1640,394.89,224,kW
1641,394.89,224,kW
1642,394.89,224,kW
1643,394.89,224,kW
1644,394.89,224,kW
1645,394.89,224,kW
1646,394.89,224,kW
1647,394.89,224,kW
1648,394.89,224,kW
1649,394.89,224,kW
1650,389.33,224,kW
1651,389.33,224,kW
1652,389.33,224,kW
1653,389.33,224,kW
1654,389.66,224,kW
1655,389.33,224,kW
1656,389.33,224,kW
1657,389.33,224,kW
1658,389.33,224,kW
1659,389.33,224,kW
1660,389.33,224,kW
1661,389.33,224,kW
1662,389.33,224,kW
1663,389.33,224,kW
1664,394.89,224,kW
1665,394.89,224,kW
1666,394.89,224,kW
1667,394.89,224,kW
1668,394.89,224,kW
1669,394.89,224,kW
1670,394.89,224,kW
1671,394.89,224,kW
1672,394.89,224,kW
1673,394.89,224,kW
1674,388.54,224,kW
1675,386.97,224,kW
1676,385.39,224,kW
1677,383.82,224,kW
1678,382.25,224,kW
1679,380.67,224,kW
1680,379.43,224,kW
1681,377.53,224,kW
1682,375.95,224,kW
1683,374.38,224,kW
1684,372.81,224,kW
1685,371.23,224,kW
1686,369.66,224,kW
1687,368.09,224,kW
1688,372.08,223,kW
1689,370.5,223,kW
1690,368.93,223,kW
1691,367.36,223,kW
1692,365.78,223,kW
1693,364.21,223,kW
1694,362.64,223,kW
1695,361.06,223,kW
1696,359.49,223,kW
1697,357.92,223,kW
1698,350.78,223,kW
1699,349.21,223,kW
1700,347.64,223,kW
1701,346.06,223,kW
1702,344.49,223,kW
1703,342.92,223,kW
1704,341.34,223,kW
1705,339.77,223,kW
1706,338.2,223,kW
1707,336.96,223,kW
1708,335.05,223,kW
1709,333.48,223,kW
1710,331.9,223,kW
1711,330.33,223,kW
1712,334.32,223,kW
1713,332.75,223,kW
1714,331.17,223,kW
1715,329.6,223,kW
1716,328.03,223,kW
1717,326.45,223,kW
1718,324.88,223,kW
1719,323.31,223,kW
1720,321.73,223,kW
1721,320.16,223,kW
1722,313.03,223,kW
1723,311.45,223,kW
1724,309.88,223,kW
1725,308.31,223,kW
1726,306.73,223,kW
1727,305.16,223,kW
1728,303.59,223,kW
1729,302.01,223,kW
1730,300.44,223,kW
1731,298.87,223,kW
1732,297.29,223,kW
1733,295.72,223,kW
1734,294.48,223,kW
1735,292.57,223,kW
1736,296.56,223,kW
1737,294.99,223,kW
1738,293.42,223,kW
1739,291.84,223,kW
1740,290.27,223,kW
1741,288.7,223,kW
1742,287.12,223,kW
1743,285.55,223,kW
1744,298.53,223,kW
1745,326.06,223,kW
1746,348.03,223,kW
1747,375.56,223,kW
1748,373.38,223,kW
1749,341.49,223,kW
1750,309.61,223,kW
1751,277.72,223,kW
1752,245.83,223,kW
1753,213.94,223,kW
1754,88.99,223,kW
1755,198,223,kW
1756,221.08,223,kW
1757,267.24,223,kW
1758,290.33,223,kW
1759,290.33,223,kW
1760,295.89,223,kW
1761,295.89,223,kW
1762,345.39,223,kW
1763,394.89,223,kW
1764,394.89,223,kW
1765,394.89,223,kW
1766,394.89,223,kW
1767,394.89,223,kW
1768,394.89,223,kW
1769,394.89,223,kW
1770,389.33,223,kW
1771,389.33,223,kW
1772,389.33,223,kW
1773,389.33,223,kW
1774,389.33,223,kW
1775,389.66,223,kW
1776,389.33,223,kW
1777,389.33,223,kW
1778,389.33,223,kW
1779,389.33,223,kW
1780,389.33,223,kW
1781,389.33,223,kW
1782,389.33,223,kW
1783,389.33,223,kW
1784,394.89,223,kW
1785,394.89,223,kW
1786,394.89,223,kW
1787,394.89,223,kW
1788,394.89,223,kW
1789,394.89,223,kW
1790,394.89,223,kW
1791,394.89,223,kW
1792,394.89,223,kW
1793,394.89,223,kW
1794,389.33,223,kW
1795,389.33,222,kW
1796,389.33,222,kW
1797,389.33,222,kW
1798,389.33,222,kW
1799,389.33,222,kW
1800,389.33,222,kW
1801,389.66,222,kW
1802,389.33,222,kW
1803,389.33,222,kW
1804,389.33,222,kW
1805,389.33,222,kW
1806,389.33,222,kW
1807,389.33,222,kW
1808,394.89,222,kW
1809,394.89,222,kW
1810,394.89,222,kW
1811,394.89,222,kW
1812,394.89,222,kW
1813,394.89,222,kW
1814,394.89,222,kW
1815,394.89,222,kW
1816,394.89,222,kW
1817,394.89,222,kW
1818,389.33,222,kW
1819,389.33,222,kW
1820,389.33,222,kW
1821,389.33,222,kW
1822,389.33,222,kW
1823,389.33,222,kW
1824,389.33,222,kW
1825,389.33,222,kW
1826,389.33,222,kW
1827,389.33,222,kW
1828,389.66,222,kW
1829,389.33,222,kW
1830,389.33,222,kW
1831,389.33,222,kW
1832,394.89,222,kW
1833,394.89,222,kW
1834,394.89,222,kW
1835,394.89,222,kW
1836,394.89,222,kW
1837,394.89,222,kW
1838,394.89,222,kW
1839,394.89,222,kW
1840,394.89,222,kW
1841,394.89,222,kW
1842,389.33,222,kW
1843,389.33,222,kW
1844,389.33,222,kW
1845,389.33,222,kW
1846,389.33,222,kW
1847,389.33,222,kW
1848,389.33,222,kW
1849,389.33,222,kW
1850,389.33,222,kW
1851,389.33,222,kW
1852,389.33,222,kW
1853,389.33,222,kW
1854,389.33,222,kW
1855,389.66,222,kW
1856,394.89,222,kW
1857,394.89,222,kW
1858,394.89,222,kW
1859,394.89,222,kW
1860,394.89,222,kW
1861,394.89,222,kW
1862,394.89,222,kW
1863,394.89,222,kW
1864,394.89,222,kW
1865,394.89,222,kW
1866,389.33,222,kW
1867,389.33,222,kW
1868,389.33,222,kW
1869,389.33,222,kW
1870,389.33,222,kW
1871,389.33,222,kW
1872,389.33,222,kW
1873,389.33,222,kW
1874,389.33,222,kW
1875,388.54,222,kW
1876,386.97,222,kW
1877,385.39,222,kW
1878,383.82,222,kW
1879,382.25,222,kW
1880,386.24,222,kW
1881,385,222,kW
1882,383.09,222,kW
1883,381.52,222,kW
1884,379.94,222,kW
1885,378.37,222,kW
1886,376.8,222,kW
1887,375.22,222,kW
1888,373.65,222,kW
1889,372.08,222,kW
1890,364.94,222,kW
1891,363.37,222,kW
1892,361.8,222,kW
1893,360.22,222,kW
1894,358.65,222,kW
1895,357.08,222,kW
1896,355.5,222,kW
1897,353.93,222,kW
1898,352.36,222,kW
1899,350.78,222,kW
1900,349.21,222,kW
1901,347.64,222,kW
1902,346.06,222,kW
1903,344.49,222,kW
1904,348.48,222,kW
1905,346.91,222,kW
1906,345.33,222,kW
1907,343.76,222,kW
1908,342.52,222,kW
1909,340.61,222,kW
1910,339.04,222,kW
1911,337.47,222,kW
1912,335.89,222,kW
1913,334.32,222,kW
1914,327.18,222,kW
1915,325.61,222,kW
1916,324.04,222,kW
1917,322.46,222,kW
1918,320.89,222,kW
1919,319.32,222,kW
1920,317.75,222,kW
1921,316.17,222,kW
1922,314.6,222,kW
1923,313.03,222,kW
1924,311.45,222,kW
1925,309.88,222,kW
1926,308.31,222,kW
1927,306.73,222,kW
1928,310.72,222,kW
1929,309.15,222,kW
1930,307.57,222,kW
1931,306,222,kW
1932,304.43,222,kW
1933,302.86,222,kW
1934,301.28,222,kW
1935,300.04,222,kW
1936,298.14,222,kW
1937,296.56,222,kW
1938,289.43,222,kW
1939,287.85,222,kW
1940,286.28,222,kW
1941,284.71,222,kW
1942,283.13,222,kW
1943,281.56,222,kW
1944,279.99,222,kW
1945,292.97,222,kW
1946,320.5,222,kW
1947,348.03,222,kW
1948,375.56,222,kW
1949,373.38,222,kW
1950,341.49,222,kW
1951,309.61,222,kW
1952,283.28,222,kW
1953,251.39,222,kW
1954,219.5,222,kW
1955,94.55,222,kW
1956,203.56,222,kW
1957,226.64,222,kW
1958,272.81,222,kW
1959,295.89,222,kW
1960,295.89,222,kW
1961,295.89,222,kW
1962,290.33,222,kW
1963,339.83,222,kW
1964,389.33,222,kW
1965,389.33,222,kW
1966,389.33,222,kW
1967,389.33,222,kW
1968,389.33,222,kW
1969,389.33,222,kW
1970,389.33,222,kW
1971,389.33,222,kW
1972,389.33,222,kW
1973,389.33,222,kW
1974,389.33,222,kW
1975,389.33,222,kW
1976,395.22,222,kW
1977,394.89,222,kW
1978,394.89,222,kW
1979,394.89,222,kW
1980,394.89,222,kW
1981,394.89,222,kW
1982,394.89,222,kW
1983,394.89,222,kW
1984,394.89,222,kW
1985,394.89,222,kW
1986,389.33,222,kW
1987,389.33,222,kW
1988,389.33,222,kW
1989,389.33,222,kW
1990,389.33,222,kW
1991,389.33,222,kW
1992,389.33,222,kW
1993,389.33,222,kW
1994,389.33,222,kW
1995,389.33,222,kW
1996,389.33,222,kW
1997,389.33,222,kW
1998,389.33,222,kW
1999,389.33,222,kW
2000,394.89,222,kW
2001,394.89,222,kW
2002,395.22,222,kW
2003,394.89,222,kW
2004,394.89,222,kW
2005,394.89,222,kW
2006,394.89,222,kW
2007,394.89,222,kW
2008,394.89,222,kW
2009,394.89,222,kW
2010,389.33,222,kW
2011,389.33,222,kW
2012,389.33,222,kW
2013,389.33,222,kW
2014,389.33,222,kW
2015,389.33,222,kW
2016,389.33,222,kW
2017,389.33,222,kW
2018,389.33,222,kW
2019,389.33,222,kW
2020,389.33,222,kW
2021,389.33,222,kW
2022,389.33,222,kW
2023,389.33,222,kW
2024,394.89,222,kW
2025,394.89,222,kW
2026,394.89,222,kW
2027,394.89,222,kW
2028,394.89,222,kW
2029,395.22,222,kW
2030,394.89,222,kW
2031,394.89,222,kW
2032,394.89,222,kW
2033,394.89,222,kW
2034,389.33,222,kW
2035,389.33,222,kW
2036,389.33,222,kW
2037,389.33,222,kW
2038,389.33,222,kW
2039,389.33,222,kW
2040,389.33,222,kW
2041,389.33,222,kW
2042,389.33,222,kW
2043,389.33,222,kW
2044,389.33,222,kW
2045,389.33,222,kW
2046,389.33,222,kW
2047,389.33,222,kW
2048,394.89,222,kW
2049,394.89,222,kW
2050,394.89,222,kW
2051,394.89,222,kW
2052,394.89,222,kW
2053,394.89,222,kW
2054,394.89,222,kW
2055,394.89,222,kW
2056,395.22,222,kW
2057,394.89,222,kW
2058,389.33,222,kW
2059,389.33,222,kW
2060,389.33,222,kW
2061,389.33,222,kW
2062,389.33,222,kW
2063,389.33,222,kW
2064,389.33,222,kW
2065,389.33,222,kW
2066,389.33,222,kW
2067,389.33,222,kW
2068,389.33,222,kW
2069,389.33,222,kW
2070,389.33,222,kW
2071,389.33,222,kW
2072,394.89,222,kW
2073,394.89,222,kW
2074,394.89,222,kW
2075,394.89,222,kW
2076,394.1,222,kW
2077,392.53,222,kW
2078,390.96,222,kW
2079,389.38,222,kW
2080,387.81,222,kW
2081,386.24,222,kW
2082,379.43,222,kW
2083,377.53,222,kW
2084,375.95,222,kW
2085,374.38,222,kW
2086,372.81,222,kW
2087,371.23,222,kW
2088,369.66,222,kW
2089,368.09,222,kW
2090,366.51,222,kW
2091,364.94,222,kW
2092,363.37,222,kW
2093,361.8,222,kW
2094,360.22,222,kW
2095,358.65,222,kW
2096,362.64,222,kW
2097,361.06,222,kW
2098,359.49,222,kW
2099,357.92,222,kW
2100,356.34,222,kW
2101,354.77,222,kW
2102,353.2,222,kW
2103,351.62,222,kW
2104,350.05,222,kW
2105,348.48,222,kW
2106,341.34,222,kW
2107,339.77,222,kW
2108,338.2,222,kW
2109,336.96,222,kW
2110,335.05,222,kW
2111,333.48,222,kW
2112,331.9,222,kW
2113,330.33,222,kW
2114,328.76,222,kW
2115,327.18,222,kW
2116,325.61,222,kW
2117,324.04,222,kW
2118,322.46,222,kW
2119,320.89,222,kW
2120,324.88,222,kW
2121,323.31,222,kW
2122,321.73,222,kW
2123,320.16,222,kW
2124,318.59,222,kW
2125,317.01,222,kW
2126,315.44,222,kW
2127,313.87,222,kW
2128,312.29,222,kW
2129,310.72,222,kW
2130,303.59,222,kW
2131,302.01,222,kW
2132,300.44,222,kW
2133,298.87,222,kW
2134,297.29,222,kW
2135,295.72,222,kW
2136,294.48,222,kW
2137,292.57,222,kW
2138,291,222,kW
2139,289.43,222,kW
2140,287.85,222,kW
2141,286.28,222,kW
2142,284.71,222,kW
2143,283.13,222,kW
2144,287.12,222,kW
2145,285.55,222,kW
2146,298.53,222,kW
2147,326.06,222,kW
2148,353.59,222,kW
2149,381.12,222,kW
2150,378.94,222,kW
2151,347.06,222,kW
2152,315.17,222,kW
2153,283.28,222,kW
2154,245.83,222,kW
2155,213.94,222,kW
2156,88.99,222,kW
2157,88.99,222,kW
2158,88.99,222,kW
2159,88.99,222,kW
2160,88.99,222,kW
2161,88.99,222,kW
2162,88.99,222,kW
2163,88.99,222,kW
2164,88.99,222,kW
2165,88.99,222,kW
2166,88.99,222,kW
2167,88.99,222,kW
2168,94.55,222,kW
2169,94.55,222,kW
2170,94.55,221,kW
2171,94.55,221,kW
2172,94.55,221,kW
2173,94.55,221,kW
2174,94.55,221,kW
2175,94.55,221,kW
2176,94.55,221,kW
2177,94.55,221,kW
2178,88.99,221,kW
2179,88.99,221,kW
2180,88.99,221,kW
2181,88.99,221,kW
2182,88.99,221,kW
2183,88.99,221,kW
2184,88.99,221,kW
2185,88.99,221,kW
2186,88.99,221,kW
2187,88.99,221,kW
2188,88.99,221,kW
2189,88.99,221,kW
2190,88.99,221,kW
2191,88.99,221,kW
2192,94.55,221,kW
2193,94.55,221,kW
2194,94.55,221,kW
2195,94.55,221,kW
2196,94.55,221,kW
2197,94.55,221,kW
2198,94.55,221,kW
2199,94.55,221,kW
2200,94.55,221,kW
2201,94.55,221,kW
2202,88.99,221,kW
2203,88.99,221,kW
2204,88.99,221,kW
2205,88.99,221,kW
2206,88.99,221,kW
2207,88.99,221,kW
2208,88.99,221,kW
2209,88.99,221,kW
2210,88.99,221,kW
2211,88.99,221,kW
2212,88.99,221,kW
2213,88.99,221,kW
2214,88.99,221,kW
2215,88.99,221,kW
2216,94.55,221,kW
2217,94.55,221,kW
2218,94.55,221,kW
2219,94.55,221,kW
2220,94.55,221,kW
2221,94.55,221,kW
2222,94.55,221,kW
2223,94.55,221,kW
2224,94.55,221,kW
2225,94.55,221,kW
2226,88.99,221,kW
2227,88.99,221,kW
2228,88.99,221,kW
2229,88.99,221,kW
2230,88.99,221,kW
2231,88.99,221,kW
2232,88.99,221,kW
2233,88.99,221,kW
2234,88.99,221,kW
2235,88.99,221,kW
2236,88.99,221,kW
2237,88.99,221,kW
2238,88.99,221,kW
2239,88.99,221,kW
2240,94.55,221,kW
2241,94.55,221,kW
2242,94.55,221,kW
2243,94.55,221,kW
2244,94.55,221,kW
2245,94.55,221,kW
2246,94.55,221,kW
2247,94.55,221,kW
2248,94.55,221,kW
2249,94.55,221,kW
2250,88.99,221,kW
2251,88.99,221,kW
2252,88.99,221,kW
2253,88.99,221,kW
2254,88.99,221,kW
2255,88.99,221,kW
2256,88.99,221,kW
2257,88.99,221,kW
2258,88.99,221,kW
2259,88.99,221,kW
2260,88.99,221,kW
2261,88.99,221,kW
2262,88.99,221,kW
2263,88.99,221,kW
2264,88.99,221,kW
2265,88.99,221,kW
2266,88.99,221,kW
2267,88.99,221,kW
2268,88.99,221,kW
2269,88.99,221,kW
2270,88.99,221,kW
2271,88.99,221,kW
2272,88.99,221,kW
2273,88.99,221,kW
2274,88.99,221,kW
2275,88.99,221,kW
2276,88.99,221,kW
2277,88.99,221,kW
2278,88.99,221,kW
2279,88.99,221,kW
2280,88.99,221,kW
2281,88.99,221,kW
2282,88.99,221,kW
2283,88.99,221,kW
2284,88.99,221,kW
2285,88.99,221,kW
2286,88.99,221,kW
2287,88.99,221,kW
2288,88.99,221,kW
2289,88.99,221,kW
2290,88.99,221,kW
2291,88.99,221,kW
2292,88.99,221,kW
2293,88.99,221,kW
2294,88.99,221,kW
2295,88.99,221,kW
2296,88.99,221,kW
2297,88.99,221,kW
2298,88.99,221,kW
2299,88.99,221,kW
2300,88.99,221,kW
2301,88.99,221,kW
2302,88.99,221,kW
2303,88.99,221,kW
2304,88.99,221,kW
2305,88.99,221,kW
2306,88.99,221,kW
2307,88.99,221,kW
2308,88.99,221,kW
2309,88.99,221,kW
2310,88.99,221,kW
2311,88.99,221,kW
2312,88.99,221,kW
2313,88.99,221,kW
2314,88.99,221,kW
2315,88.99,221,kW
2316,88.99,221,kW
2317,88.99,221,kW
2318,88.99,221,kW
2319,88.99,221,kW
2320,88.99,221,kW
2321,88.99,221,kW
2322,88.99,221,kW
2323,88.99,221,kW
2324,88.99,221,kW
2325,88.99,221,kW
2326,88.99,221,kW
2327,88.99,221,kW
2328,198,221,kW
2329,221.08,221,kW
2330,267.24,221,kW
2331,290.33,221,kW
2332,290.33,221,kW
2333,290.33,221,kW
2334,290.33,221,kW
2335,339.83,221,kW
2336,394.89,221,kW
2337,394.89,221,kW
2338,394.89,221,kW
2339,394.89,221,kW
2340,394.89,221,kW
2341,394.89,221,kW
2342,394.89,221,kW
2343,394.89,221,kW
2344,394.89,221,kW
2345,394.89,221,kW
2346,389.33,221,kW
2347,389.33,221,kW
2348,389.66,221,kW
2349,389.33,221,kW
2350,389.33,221,kW
2351,389.33,221,kW
2352,389.33,221,kW
2353,389.33,221,kW
2354,389.33,221,kW
2355,389.33,221,kW
2356,389.33,221,kW
2357,389.33,221,kW
2358,389.33,221,kW
2359,389.33,221,kW
2360,394.89,221,kW
2361,394.89,221,kW
2362,394.89,221,kW
2363,394.89,221,kW
2364,394.89,221,kW
2365,394.89,221,kW
2366,394.89,221,kW
2367,394.89,221,kW
2368,394.89,221,kW
2369,394.89,221,kW
2370,389.33,221,kW
2371,389.33,221,kW
2372,389.33,221,kW
2373,389.33,221,kW
2374,389.66,221,kW
2375,389.33,221,kW
2376,389.33,221,kW
2377,389.33,221,kW
2378,389.33,221,kW
2379,389.33,221,kW
2380,389.33,221,kW
2381,389.33,221,kW
2382,389.33,221,kW
2383,389.33,221,kW
2384,394.89,221,kW
2385,394.89,221,kW
2386,394.89,221,kW
2387,394.89,221,kW
2388,394.89,221,kW
2389,394.89,221,kW
2390,394.89,221,kW
2391,394.89,221,kW
2392,394.89,221,kW
2393,394.89,221,kW
2394,389.33,221,kW
2395,389.33,221,kW
2396,389.33,221,kW
2397,389.33,221,kW
2398,389.33,221,kW
2399,389.33,221,kW
2400,389.33,221,kW
2401,389.66,221,kW
2402,389.33,221,kW
2403,389.33,221,kW
2404,389.33,221,kW
2405,389.33,221,kW
2406,389.33,221,kW
2407,389.33,221,kW
2408,394.89,221,kW
2409,394.89,221,kW
2410,394.89,221,kW
2411,394.89,221,kW
2412,394.89,221,kW
2413,394.89,221,kW
2414,394.89,221,kW
2415,394.89,221,kW
2416,394.89,221,kW
2417,394.89,221,kW
2418,389.33,221,kW
2419,389.33,221,kW
2420,389.33,221,kW
2421,389.33,221,kW
2422,389.33,221,kW
2423,389.33,221,kW
2424,389.33,221,kW
2425,389.33,221,kW
2426,389.33,221,kW
2427,389.33,221,kW
2428,389.66,221,kW
2429,389.33,221,kW
2430,389.33,221,kW
2431,389.33,221,kW
2432,394.89,221,kW
2433,394.89,221,kW
2434,394.89,221,kW
2435,394.89,221,kW
2436,394.89,221,kW
2437,394.89,221,kW
2438,394.89,221,kW
2439,394.89,221,kW
2440,394.89,221,kW
2441,394.89,221,kW
2442,389.33,221,kW
2443,389.33,221,kW
2444,389.33,221,kW
2445,389.33,221,kW
2446,389.33,221,kW
2447,389.33,221,kW
2448,388.54,221,kW
2449,386.97,221,kW
2450,385.39,221,kW
2451,383.82,221,kW
2452,382.25,221,kW
2453,380.67,221,kW
2454,379.43,221,kW
2455,377.53,221,kW
2456,381.52,221,kW
2457,379.94,221,kW
2458,378.37,221,kW
2459,376.8,221,kW
2460,375.22,221,kW
2461,373.65,221,kW
2462,372.08,221,kW
2463,370.5,221,kW
2464,368.93,221,kW
2465,367.36,221,kW
2466,360.22,221,kW
2467,358.65,221,kW
2468,357.08,221,kW
2469,355.5,221,kW
2470,353.93,221,kW
2471,352.36,221,kW
2472,350.78,221,kW
2473,349.21,221,kW
2474,347.64,221,kW
2475,346.06,221,kW
2476,344.49,221,kW
2477,342.92,221,kW
2478,341.34,221,kW
2479,339.77,221,kW
2480,343.76,221,kW
2481,342.52,221,kW
2482,340.61,221,kW
2483,339.04,221,kW
2484,337.47,221,kW
2485,335.89,221,kW
2486,334.32,221,kW
2487,332.75,221,kW
2488,331.17,221,kW
2489,329.6,221,kW
2490,322.46,221,kW
2491,320.89,221,kW
2492,319.32,220,kW
2493,317.75,220,kW
2494,316.17,220,kW
2495,314.6,220,kW
2496,313.03,220,kW
2497,311.45,220,kW
2498,309.88,220,kW
2499,308.31,220,kW
2500,306.73,220,kW
2501,305.16,220,kW
2502,303.59,220,kW
2503,302.01,220,kW
2504,306,220,kW
2505,304.43,220,kW
2506,302.86,220,kW
2507,301.28,220,kW
2508,300.04,220,kW
2509,298.14,220,kW
2510,296.56,220,kW
2511,294.99,220,kW
2512,293.42,220,kW
2513,291.84,220,kW
2514,284.71,220,kW
2515,283.13,220,kW
2516,281.56,220,kW
2517,279.99,220,kW
2518,292.97,220,kW
2519,320.5,220,kW
2520,348.03,220,kW
2521,375.56,220,kW
2522,373.38,220,kW
2523,341.49,220,kW
2524,309.61,220,kW
2525,277.72,220,kW
2526,245.83,220,kW
2527,213.94,220,kW
2528,94.55,220,kW
2529,203.56,220,kW
2530,226.64,220,kW
2531,272.81,220,kW
2532,295.89,220,kW
2533,295.89,220,kW
2534,295.89,220,kW
2535,295.89,220,kW
2536,345.39,220,kW
2537,394.89,220,kW
2538,389.33,220,kW
2539,389.33,220,kW
2540,389.33,220,kW
2541,389.33,220,kW
2542,389.33,220,kW
2543,389.33,220,kW
2544,389.33,220,kW
2545,389.33,220,kW
2546,389.33,220,kW
2547,389.33,220,kW
2548,389.33,220,kW
2549,389.66,220,kW
2550,389.33,220,kW
2551,389.33,220,kW
2552,394.89,220,kW
2553,394.89,220,kW
2554,394.89,220,kW
2555,394.89,220,kW
2556,394.89,220,kW
2557,394.89,220,kW
2558,394.89,220,kW
2559,394.89,220,kW
2560,394.89,220,kW
2561,394.89,220,kW
2562,389.33,220,kW
2563,389.33,220,kW
2564,389.33,220,kW
2565,389.33,220,kW
2566,389.33,220,kW
2567,389.33,220,kW
2568,389.33,220,kW
2569,389.33,220,kW
2570,389.33,220,kW
2571,389.33,220,kW
2572,389.33,220,kW
2573,389.33,220,kW
2574,389.33,220,kW
2575,389.66,220,kW
2576,394.89,220,kW
2577,394.89,220,kW
2578,394.89,220,kW
2579,394.89,220,kW
2580,394.89,220,kW
2581,394.89,220,kW
2582,394.89,220,kW
2583,394.89,220,kW
2584,394.89,220,kW
2585,394.89,220,kW
2586,389.33,220,kW
2587,389.33,220,kW
2588,389.33,220,kW
2589,389.33,220,kW
2590,389.33,220,kW
2591,389.33,220,kW
2592,389.33,220,kW
2593,389.33,220,kW
2594,389.33,220,kW
2595,389.33,220,kW
2596,389.33,220,kW
2597,389.33,220,kW
2598,389.33,220,kW
2599,389.33,220,kW
2600,394.89,220,kW
2601,394.89,220,kW
2602,395.22,220,kW
2603,394.89,220,kW
2604,394.89,220,kW
2605,394.89,220,kW
2606,394.89,219,kW
2607,394.89,219,kW
2608,394.89,219,kW
2609,394.89,219,kW
2610,389.33,219,kW
2611,389.33,219,kW
2612,389.33,219,kW
2613,389.33,219,kW
2614,389.33,219,kW
2615,389.33,219,kW
2616,389.33,219,kW
2617,389.33,219,kW
2618,389.33,219,kW
2619,389.33,219,kW
2620,389.33,219,kW
2621,389.33,219,kW
2622,389.33,219,kW
2623,389.33,219,kW
2624,394.89,219,kW
2625,394.89,219,kW
2626,394.89,219,kW
2627,394.89,219,kW
2628,394.89,219,kW
2629,395.22,219,kW
2630,394.89,219,kW
2631,394.89,219,kW
2632,394.89,219,kW
2633,394.89,219,kW
2634,389.33,219,kW
2635,389.33,219,kW
2636,389.33,219,kW
2637,389.33,219,kW
2638,389.33,219,kW
2639,389.33,219,kW
2640,389.33,219,kW
2641,389.33,219,kW
2642,389.33,219,kW
2643,389.33,219,kW
2644,389.33,219,kW
2645,389.33,219,kW
2646,389.33,219,kW
2647,389.33,219,kW
2648,394.89,219,kW
2649,394.1,219,kW
2650,392.53,219,kW
2651,390.96,219,kW
2652,389.38,219,kW
2653,387.81,219,kW
2654,386.24,219,kW
2655,385,219,kW
2656,383.09,219,kW
2657,381.52,219,kW
2658,374.38,219,kW
2659,372.81,219,kW
2660,371.23,219,kW
2661,369.66,219,kW
2662,368.09,219,kW
2663,366.51,219,kW
2664,364.94,219,kW
2665,363.37,219,kW
2666,361.8,219,kW
2667,360.22,219,kW
2668,358.65,219,kW
2669,357.08,219,kW
2670,355.5,219,kW
2671,353.93,219,kW
2672,357.92,215,kW
2673,356.34,215,kW
2674,354.77,215,kW
2675,353.2,215,kW
2676,351.62,215,kW
2677,350.05,215,kW
2678,348.48,215,kW
2679,346.91,215,kW
2680,345.33,215,kW
2681,343.76,215,kW
2682,336.96,215,kW
2683,335.05,215,kW
2684,333.48,215,kW
2685,331.9,215,kW
2686,330.33,215,kW
2687,328.76,215,kW
2688,327.18,215,kW
2689,325.61,215,kW
2690,324.04,215,kW
2691,322.46,215,kW
2692,320.89,215,kW
2693,319.32,215,kW
2694,317.75,215,kW
2695,316.17,215,kW
2696,320.16,215,kW
2697,318.59,215,kW
2698,317.01,215,kW
2699,315.44,215,kW
2700,313.87,215,kW
2701,312.29,215,kW
2702,310.72,215,kW
2703,309.15,215,kW
2704,307.57,215,kW
2705,306,215,kW
2706,298.87,215,kW
2707,297.29,215,kW
2708,295.72,215,kW
2709,294.48,215,kW
2710,292.57,215,kW
2711,291,215,kW
2712,289.43,215,kW
2713,287.85,215,kW
2714,286.28,215,kW
2715,284.71,215,kW
2716,283.13,215,kW
2717,281.56,215,kW
2718,279.99,215,kW
2719,292.97,215,kW
2720,326.06,215,kW
2721,353.59,215,kW
2722,381.12,215,kW
2723,378.94,215,kW
2724,347.06,215,kW
2725,315.17,215,kW
2726,283.28,215,kW
2727,251.39,215,kW
2728,219.5,215,kW
2729,94.55,215,kW
2730,88.99,215,kW
2731,88.99,215,kW
2732,88.99,215,kW
2733,88.99,215,kW
2734,88.99,215,kW
2735,88.99,215,kW
2736,88.99,215,kW
2737,88.99,215,kW
2738,88.99,215,kW
2739,88.99,215,kW
2740,88.99,215,kW
2741,88.99,215,kW
2742,88.99,215,kW
2743,88.99,215,kW
2744,94.55,215,kW
2745,94.55,215,kW
2746,94.55,215,kW
2747,94.55,215,kW
2748,94.55,215,kW
2749,94.55,215,kW
2750,94.55,215,kW
2751,94.55,215,kW
2752,94.55,215,kW
2753,94.55,215,kW
2754,88.99,215,kW
2755,88.99,215,kW
2756,88.99,215,kW
2757,88.99,215,kW
2758,88.99,215,kW
2759,88.99,215,kW
2760,88.99,215,kW
2761,88.99,215,kW
2762,88.99,215,kW
2763,88.99,215,kW
2764,88.99,215,kW
2765,88.99,215,kW
2766,88.99,215,kW
2767,88.99,215,kW
2768,94.55,215,kW
2769,94.55,215,kW
2770,94.55,215,kW
2771,94.55,215,kW
2772,94.55,215,kW
2773,94.55,215,kW
2774,94.55,215,kW
2775,94.55,215,kW
2776,94.55,215,kW
2777,94.55,215,kW
2778,88.99,215,kW
2779,88.99,215,kW
2780,88.99,215,kW
2781,88.99,215,kW
2782,88.99,215,kW
2783,88.99,215,kW
2784,88.99,215,kW
2785,88.99,215,kW
2786,88.99,215,kW
2787,88.99,215,kW
2788,88.99,215,kW
2789,88.99,215,kW
2790,88.99,215,kW
2791,88.99,215,kW
2792,94.55,215,kW
2793,94.55,215,kW
2794,94.55,215,kW
2795,94.55,215,kW
2796,94.55,215,kW
2797,94.55,215,kW
2798,94.55,215,kW
2799,94.55,215,kW
2800,94.55,215,kW
2801,94.55,215,kW
2802,88.99,215,kW
2803,88.99,215,kW
2804,88.99,215,kW
2805,88.99,215,kW
2806,88.99,215,kW
2807,88.99,215,kW
2808,88.99,215,kW
2809,88.99,215,kW
2810,88.99,215,kW
2811,88.99,215,kW
2812,88.99,215,kW
2813,88.99,215,kW
2814,88.99,215,kW
2815,88.99,215,kW
2816,94.55,215,kW
2817,94.55,215,kW
2818,94.55,215,kW
2819,94.55,215,kW
2820,94.55,215,kW
2821,94.55,215,kW
2822,94.55,215,kW
2823,94.55,215,kW
2824,94.55,215,kW
2825,94.55,215,kW
2826,88.99,215,kW
2827,88.99,215,kW
2828,88.99,215,kW
2829,88.99,215,kW
2830,88.99,215,kW
2831,88.99,215,kW
2832,88.99,215,kW
2833,88.99,215,kW
2834,88.99,215,kW
2835,88.99,215,kW
2836,88.99,215,kW
2837,88.99,215,kW
2838,88.99,215,kW
2839,88.99,215,kW
2840,94.55,215,kW
2841,94.55,215,kW
2842,94.55,215,kW
2843,94.55,215,kW
2844,94.55,215,kW
2845,94.55,215,kW
2846,94.55,215,kW
2847,94.55,215,kW
2848,94.55,215,kW
2849,94.55,215,kW
2850,88.99,215,kW
2851,88.99,215,kW
2852,88.99,215,kW
2853,88.99,215,kW
2854,88.99,215,kW
2855,88.99,215,kW
2856,88.99,215,kW
2857,88.99,215,kW
2858,88.99,215,kW
2859,88.99,215,kW
2860,88.99,215,kW
2861,88.99,215,kW
2862,88.99,215,kW
2863,88.99,215,kW
2864,94.55,215,kW
2865,94.55,215,kW
2866,94.55,215,kW
2867,94.55,215,kW
2868,94.55,215,kW
2869,94.55,215,kW
2870,94.55,215,kW
2871,94.55,215,kW
2872,94.55,215,kW
2873,94.55,215,kW
2874,88.99,215,kW
2875,88.99,215,kW
2876,88.99,215,kW
2877,88.99,215,kW
2878,88.99,215,kW
2879,88.99,215,kW
2880,88.99,215,kW
2881,88.99,215,kW
2882,88.99,215,kW
2883,88.99,215,kW
2884,88.99,215,kW
2885,88.99,215,kW
2886,88.99,215,kW
2887,88.99,215,kW
2888,94.55,215,kW
2889,94.55,215,kW
2890,94.55,215,kW
2891,94.55,215,kW
2892,94.55,215,kW
2893,94.55,215,kW
2894,94.55,215,kW
2895,94.55,215,kW
2896,94.55,215,kW
2897,94.55,215,kW
2898,88.99,215,kW
2899,88.99,215,kW
2900,88.99,215,kW
2901,88.99,215,kW
2902,88.99,215,kW
2903,88.99,215,kW
2904,88.99,215,kW
2905,88.99,215,kW
2906,88.99,215,kW
2907,88.99,215,kW
2908,88.99,215,kW
2909,88.99,215,kW
2910,88.99,215,kW
2911,88.99,215,kW
2912,88.99,215,kW
2913,88.99,215,kW
2914,88.99,215,kW
2915,88.99,215,kW
2916,88.99,215,kW
2917,88.99,215,kW
2918,88.99,215,kW
2919,88.99,215,kW
2920,88.99,215,kW
2921,88.99,215,kW
2922,88.99,215,kW
2923,88.99,215,kW
2924,88.99,215,kW
2925,88.99,215,kW
2926,88.99,215,kW
2927,88.99,215,kW
2928,88.99,215,kW
2929,88.99,215,kW
2930,88.99,215,kW
2931,88.99,215,kW
2932,88.99,215,kW
2933,88.99,215,kW
2934,88.99,215,kW
2935,88.99,215,kW
2936,88.99,215,kW
2937,88.99,215,kW
2938,88.99,215,kW
2939,88.99,215,kW
2940,88.99,215,kW
2941,88.99,215,kW
2942,88.99,215,kW
2943,88.99,215,kW
2944,88.99,215,kW
2945,88.99,215,kW
2946,88.99,215,kW
2947,88.99,215,kW
2948,88.99,215,kW
2949,88.99,215,kW
2950,88.99,215,kW
2951,88.99,215,kW
2952,88.99,215,kW
2953,88.99,215,kW
2954,88.99,215,kW
2955,88.99,215,kW
2956,88.99,215,kW
2957,88.99,215,kW
2958,88.99,215,kW
2959,88.99,215,kW
2960,88.99,215,kW
2961,88.99,215,kW
2962,88.99,215,kW
2963,88.99,215,kW
2964,88.99,215,kW
2965,88.99,215,kW
2966,88.99,215,kW
2967,88.99,215,kW
2968,88.99,215,kW
2969,88.99,215,kW
2970,88.99,215,kW
2971,88.99,215,kW
2972,88.99,215,kW
2973,88.99,215,kW
2974,88.99,215,kW
2975,88.99,215,kW
2976,88.99,215,kW
2977,88.99,215,kW
2978,88.99,215,kW
2979,88.99,215,kW
2980,88.99,215,kW
2981,88.99,215,kW
2982,88.99,215,kW
2983,88.99,215,kW
2984,88.99,215,kW
2985,88.99,215,kW
2986,88.99,215,kW
2987,88.99,215,kW
2988,88.99,215,kW
2989,88.99,215,kW
2990,88.99,215,kW
2991,88.99,215,kW
2992,88.99,215,kW
2993,88.99,215,kW
2994,88.99,215,kW
2995,88.99,215,kW
2996,88.99,215,kW
2997,88.99,215,kW
2998,88.99,215,kW
2999,88.99,215,kW
3000,88.99,215,kW
3001,88.99,215,kW
3002,88.99,215,kW
3003,88.99,215,kW
3004,88.99,215,kW
3005,88.99,215,kW
3006,88.99,215,kW
3007,88.99,215,kW
3008,88.99,215,kW
3009,88.99,215,kW
3010,88.99,215,kW
3011,88.99,215,kW
3012,88.99,215,kW
3013,88.99,215,kW
3014,88.99,215,kW
3015,88.99,215,kW
3016,88.99,215,kW
3017,88.99,215,kW
3018,88.99,215,kW
3019,88.99,215,kW
3020,88.99,215,kW
3021,88.99,215,kW
3022,88.99,215,kW
3023,88.99,215,kW
3024,198,215,kW
3025,221.08,215,kW
3026,267.24,215,kW
3027,290.33,215,kW
3028,290.33,215,kW
3029,290.33,215,kW
3030,290.33,215,kW
3031,339.83,215,kW
3032,394.89,215,kW
3033,394.89,215,kW
3034,394.89,215,kW
3035,394.89,215,kW
3036,394.89,215,kW
3037,394.89,215,kW
3038,394.89,215,kW
3039,394.89,215,kW
3040,394.89,215,kW
3041,394.89,215,kW
3042,389.33,215,kW
3043,389.33,215,kW
3044,389.66,215,kW
3045,389.33,215,kW
3046,389.33,215,kW
3047,389.33,215,kW
3048,389.33,215,kW
3049,389.33,215,kW
3050,389.33,215,kW
3051,389.33,215,kW
3052,389.33,215,kW
3053,389.33,215,kW
3054,389.33,215,kW
3055,389.33,215,kW
3056,394.89,215,kW
3057,394.89,215,kW
3058,394.89,215,kW
3059,394.89,215,kW
3060,394.89,215,kW
3061,394.89,215,kW
3062,394.89,215,kW
3063,394.89,215,kW
3064,394.89,215,kW
3065,394.89,215,kW
3066,389.33,215,kW
3067,389.33,215,kW
3068,389.33,215,kW
3069,389.33,215,kW
3070,389.66,215,kW
3071,389.33,215,kW
3072,389.33,215,kW
3073,389.33,215,kW
3074,389.33,215,kW
3075,389.33,215,kW
3076,389.33,215,kW
3077,389.33,215,kW
3078,389.33,215,kW
3079,389.33,215,kW
3080,394.89,215,kW
3081,394.89,215,kW
3082,394.89,215,kW
3083,394.89,215,kW
3084,394.89,215,kW
3085,394.89,215,kW
3086,394.89,215,kW
3087,394.89,215,kW
3088,394.89,215,kW
3089,394.89,215,kW
3090,389.33,215,kW
3091,389.33,215,kW
3092,389.33,215,kW
3093,389.33,215,kW
3094,389.33,215,kW
3095,389.33,215,kW
3096,389.33,215,kW
3097,389.66,215,kW
3098,389.33,215,kW
3099,389.33,215,kW
3100,389.33,215,kW
3101,389.33,215,kW
3102,389.33,215,kW
3103,389.33,215,kW
3104,394.89,215,kW
3105,394.89,215,kW
3106,394.89,215,kW
3107,394.89,215,kW
3108,394.89,215,kW
3109,394.89,215,kW
3110,394.89,215,kW
3111,394.89,215,kW
3112,394.89,215,kW
3113,394.89,215,kW
3114,389.33,215,kW
3115,389.33,215,kW
3116,389.33,215,kW
3117,389.33,215,kW
3118,389.33,215,kW
3119,389.33,210,kW
3120,389.33,210,kW
3121,389.33,210,kW
3122,389.33,210,kW
3123,389.33,210,kW
3124,389.66,210,kW
3125,389.33,210,kW
3126,389.33,210,kW
3127,389.33,210,kW
3128,394.89,210,kW
3129,394.89,210,kW
3130,394.89,210,kW
3131,394.89,210,kW
3132,394.89,210,kW
3133,394.89,210,kW
3134,394.89,210,kW
3135,394.89,210,kW
3136,394.89,210,kW
3137,394.89,210,kW
3138,389.33,210,kW
3139,389.33,210,kW
3140,389.33,210,kW
3141,389.33,210,kW
3142,389.33,210,kW
3143,389.33,210,kW
3144,388.54,210,kW
3145,386.97,210,kW
3146,385.39,210,kW
3147,383.82,210,kW
3148,382.25,210,kW
3149,380.67,210,kW
3150,379.43,210,kW
3151,377.53,210,kW
3152,381.52,210,kW
3153,379.94,210,kW
3154,378.37,210,kW
3155,376.8,210,kW
3156,375.22,210,kW
3157,373.65,210,kW
3158,372.08,210,kW
3159,370.5,210,kW
3160,368.93,210,kW
3161,367.36,210,kW
3162,360.22,210,kW
3163,358.65,210,kW
3164,357.08,210,kW
3165,355.5,210,kW
3166,353.93,210,kW
3167,352.36,210,kW
3168,350.78,210,kW
3169,349.21,210,kW
3170,347.64,210,kW
3171,346.06,210,kW
3172,344.49,210,kW
3173,342.92,210,kW
3174,341.34,210,kW
3175,339.77,210,kW
3176,343.76,210,kW
3177,342.52,210,kW
3178,340.61,210,kW
3179,339.04,210,kW
3180,337.47,210,kW
3181,335.89,210,kW
3182,334.32,210,kW
3183,332.75,210,kW
3184,331.17,210,kW
3185,329.6,210,kW
3186,322.46,210,kW
3187,320.89,210,kW
3188,319.32,210,kW
3189,317.75,210,kW
3190,316.17,210,kW
3191,314.6,210,kW
3192,313.03,210,kW
3193,311.45,210,kW
3194,309.88,210,kW
3195,308.31,210,kW
3196,306.73,210,kW
3197,305.16,210,kW
3198,303.59,210,kW
3199,302.01,210,kW
3200,306,210,kW
3201,304.43,210,kW
3202,302.86,210,kW
3203,301.28,210,kW
3204,300.04,210,kW
3205,298.14,210,kW
3206,296.56,210,kW
3207,294.99,210,kW
3208,293.42,210,kW
3209,291.84,210,kW
3210,284.71,210,kW
3211,283.13,210,kW
3212,281.56,210,kW
3213,279.99,210,kW
3214,292.97,210,kW
3215,320.5,210,kW
3216,348.03,210,kW
3217,375.56,210,kW
3218,373.38,210,kW
3219,341.49,210,kW
3220,309.61,210,kW
3221,277.72,210,kW
3222,245.83,210,kW
3223,213.94,210,kW
3224,94.55,210,kW
3225,203.56,210,kW
3226,226.64,210,kW
3227,272.81,210,kW
3228,295.89,210,kW
3229,295.89,210,kW
3230,295.89,210,kW
3231,295.89,210,kW
3232,345.39,210,kW
3233,394.89,210,kW
3234,389.33,210,kW
3235,389.33,210,kW
3236,389.33,210,kW
3237,389.33,210,kW
3238,389.33,210,kW
3239,389.33,210,kW
3240,389.33,210,kW
3241,389.33,210,kW
3242,389.33,210,kW
3243,389.33,210,kW
3244,389.33,210,kW
3245,389.66,210,kW
3246,389.33,210,kW
3247,389.33,210,kW
3248,394.89,210,kW
3249,394.89,210,kW
3250,394.89,210,kW
3251,394.89,210,kW
3252,394.89,210,kW
3253,394.89,210,kW
3254,394.89,210,kW
3255,394.89,210,kW
3256,394.89,210,kW
3257,394.89,210,kW
3258,389.33,210,kW
3259,389.33,210,kW
3260,389.33,210,kW
3261,389.33,210,kW
3262,389.33,210,kW
3263,389.33,210,kW
3264,389.33,210,kW
3265,389.33,210,kW
3266,389.33,210,kW
3267,389.33,210,kW
3268,389.33,210,kW
3269,389.33,210,kW
3270,389.33,210,kW
3271,389.66,210,kW
3272,394.89,210,kW
3273,394.89,210,kW
3274,394.89,210,kW
3275,394.89,210,kW
3276,394.89,210,kW
3277,394.89,210,kW
3278,394.89,210,kW
3279,394.89,210,kW
3280,394.89,210,kW
3281,394.89,210,kW
3282,389.33,210,kW
3283,389.33,210,kW
3284,389.33,210,kW
3285,389.33,210,kW
3286,389.33,210,kW
3287,389.33,210,kW
3288,389.33,210,kW
3289,389.33,210,kW
3290,389.33,210,kW
3291,389.33,210,kW
3292,389.33,210,kW
3293,389.33,210,kW
3294,389.33,210,kW
3295,389.33,210,kW
3296,394.89,210,kW
3297,394.89,210,kW
3298,395.22,210,kW
3299,394.89,210,kW
3300,394.89,210,kW
3301,394.89,210,kW
3302,394.89,210,kW
3303,394.89,210,kW
3304,394.89,210,kW
3305,394.89,210,kW
3306,389.33,210,kW
3307,389.33,210,kW
3308,389.33,210,kW
3309,389.33,210,kW
3310,389.33,210,kW
3311,389.33,210,kW
3312,389.33,210,kW
3313,389.33,210,kW
3314,389.33,210,kW
3315,389.33,210,kW
3316,389.33,210,kW
3317,389.33,210,kW
3318,389.33,210,kW
3319,389.33,210,kW
3320,394.89,210,kW
3321,394.89,210,kW
3322,394.89,210,kW
3323,394.89,210,kW
3324,394.89,210,kW
3325,395.22,210,kW
3326,394.89,210,kW
3327,394.89,210,kW
3328,394.89,210,kW
3329,394.89,210,kW
3330,389.33,210,kW
3331,389.33,210,kW
3332,389.33,210,kW
3333,389.33,210,kW
3334,389.33,210,kW
3335,389.33,210,kW
3336,389.33,210,kW
3337,389.33,210,kW
3338,389.33,210,kW
3339,389.33,210,kW
3340,389.33,210,kW
3341,389.33,210,kW
3342,389.33,210,kW
3343,389.33,210,kW
3344,394.89,210,kW
3345,394.1,210,kW
3346,392.53,210,kW
3347,390.96,210,kW
3348,389.38,210,kW
3349,387.81,210,kW
3350,386.24,210,kW
3351,385,210,kW
3352,383.09,210,kW
3353,381.52,210,kW
3354,374.38,210,kW
3355,372.81,210,kW
3356,371.23,210,kW
3357,369.66,210,kW
3358,368.09,210,kW
3359,366.51,210,kW
3360,364.94,210,kW
3361,363.37,210,kW
3362,361.8,210,kW
3363,360.22,210,kW
3364,358.65,210,kW
3365,357.08,210,kW
3366,355.5,210,kW
3367,353.93,210,kW
3368,357.92,210,kW
3369,356.34,210,kW
3370,354.77,210,kW
3371,353.2,210,kW
3372,351.62,210,kW
3373,350.05,210,kW
3374,348.48,210,kW
3375,346.91,210,kW
3376,345.33,210,kW
3377,343.76,210,kW
3378,336.96,210,kW
3379,335.05,210,kW
3380,333.48,210,kW
3381,331.9,210,kW
3382,330.33,210,kW
3383,328.76,210,kW
3384,327.18,210,kW
3385,325.61,210,kW
3386,324.04,210,kW
3387,322.46,210,kW
3388,320.89,210,kW
3389,319.32,210,kW
3390,317.75,210,kW
3391,316.17,210,kW
3392,320.16,210,kW
3393,318.59,210,kW
3394,317.01,210,kW
3395,315.44,210,kW
3396,313.87,210,kW
3397,312.29,210,kW
3398,310.72,210,kW
3399,309.15,210,kW
3400,307.57,210,kW
3401,306,210,kW
3402,298.87,210,kW
3403,297.29,210,kW
3404,295.72,210,kW
3405,294.48,210,kW
3406,292.57,210,kW
3407,291,210,kW
3408,289.43,210,kW
3409,287.85,210,kW
3410,286.28,210,kW
3411,284.71,210,kW
3412,283.13,210,kW
3413,281.56,210,kW
3414,279.99,210,kW
3415,292.97,210,kW
3416,326.06,210,kW
3417,353.59,210,kW
3418,381.12,210,kW
3419,378.94,210,kW
3420,347.06,210,kW
3421,315.17,210,kW
3422,283.28,210,kW
3423,251.39,210,kW
3424,219.5,210,kW
3425,94.55,210,kW
3426,198,210,kW
3427,221.08,210,kW
3428,267.24,210,kW
3429,290.33,210,kW
3430,290.33,210,kW
3431,290.33,210,kW
3432,290.33,210,kW
3433,339.83,210,kW
3434,389.33,210,kW
3435,389.33,210,kW
3436,389.33,210,kW
3437,389.33,210,kW
3438,389.33,210,kW
3439,389.33,210,kW
3440,394.89,210,kW
3441,394.89,210,kW
3442,394.89,210,kW
3443,394.89,210,kW
3444,394.89,210,kW
3445,394.89,210,kW
3446,395.22,210,kW
3447,394.89,210,kW
3448,394.89,210,kW
3449,394.89,210,kW
3450,389.33,210,kW
3451,389.33,210,kW
3452,389.33,213,kW
3453,389.33,213,kW
3454,389.33,213,kW
3455,389.33,213,kW
3456,389.33,213,kW
3457,389.33,213,kW
3458,389.33,213,kW
3459,389.33,213,kW
3460,389.33,213,kW
3461,389.33,213,kW
3462,389.33,213,kW
3463,389.33,213,kW
3464,394.89,213,kW
3465,394.89,213,kW
3466,394.89,213,kW
3467,394.89,213,kW
3468,394.89,213,kW
3469,394.89,213,kW
3470,394.89,213,kW
3471,394.89,213,kW
3472,395.22,213,kW
3473,394.89,213,kW
3474,389.33,213,kW
3475,389.33,213,kW
3476,389.33,213,kW
3477,389.33,213,kW
3478,389.33,213,kW
3479,389.33,213,kW
3480,389.33,213,kW
3481,389.33,213,kW
3482,389.33,213,kW
3483,389.33,213,kW
3484,389.33,213,kW
3485,389.33,213,kW
3486,389.33,213,kW
3487,389.33,213,kW
3488,394.89,213,kW
3489,394.89,213,kW
3490,394.89,213,kW
3491,394.89,213,kW
3492,394.89,213,kW
3493,394.89,213,kW
3494,394.89,213,kW
3495,394.89,213,kW
3496,394.89,213,kW
3497,394.89,213,kW
3498,389.33,213,kW
3499,389.66,213,kW
3500,389.33,213,kW
3501,389.33,213,kW
3502,389.33,213,kW
3503,389.33,213,kW
3504,389.33,213,kW
3505,389.33,213,kW
3506,389.33,213,kW
3507,389.33,213,kW
3508,389.33,213,kW
3509,389.33,213,kW
3510,389.33,213,kW
3511,389.33,213,kW
3512,394.89,213,kW
3513,394.89,213,kW
3514,394.89,213,kW
3515,394.89,213,kW
3516,394.89,213,kW
3517,394.89,213,kW
3518,394.89,213,kW
3519,394.89,213,kW
3520,394.89,213,kW
3521,394.89,213,kW
3522,389.33,213,kW
3523,389.33,213,kW
3524,389.33,213,kW
3525,389.33,213,kW
3526,389.66,213,kW
3527,389.33,213,kW
3528,389.33,213,kW
3529,389.33,213,kW
3530,389.33,213,kW
3531,389.33,213,kW
3532,389.33,213,kW
3533,389.33,213,kW
3534,389.33,213,kW
3535,389.33,213,kW
3536,394.89,213,kW
3537,394.89,213,kW
3538,394.89,213,kW
3539,394.89,213,kW
3540,394.89,213,kW
3541,394.89,213,kW
3542,394.89,213,kW
3543,394.89,213,kW
3544,394.89,213,kW
3545,394.89,213,kW
3546,388.54,213,kW
3547,386.97,213,kW
3548,385.39,213,kW
3549,383.82,213,kW
3550,382.25,213,kW
3551,380.67,213,kW
3552,379.43,213,kW
3553,377.53,213,kW
3554,375.95,213,kW
3555,374.38,213,kW
3556,372.81,213,kW
3557,371.23,213,kW
3558,369.66,213,kW
3559,368.09,213,kW
3560,372.08,213,kW
3561,370.5,213,kW
3562,368.93,213,kW
3563,367.36,213,kW
3564,365.78,213,kW
3565,364.21,213,kW
3566,362.64,213,kW
3567,361.06,213,kW
3568,359.49,213,kW
3569,357.92,213,kW
3570,350.78,213,kW
3571,349.21,213,kW
3572,347.64,213,kW
3573,346.06,213,kW
3574,344.49,213,kW
3575,342.92,213,kW
3576,341.34,213,kW
3577,339.77,213,kW
3578,338.2,213,kW
3579,336.96,213,kW
3580,335.05,213,kW
3581,333.48,213,kW
3582,331.9,213,kW
3583,330.33,213,kW
3584,334.32,213,kW
3585,332.75,213,kW
3586,331.17,213,kW
3587,329.6,213,kW
3588,328.03,213,kW
3589,326.45,213,kW
3590,324.88,213,kW
3591,323.31,213,kW
3592,321.73,213,kW
3593,320.16,213,kW
3594,313.03,213,kW
3595,311.45,215,kW
3596,309.88,215,kW
3597,308.31,215,kW
3598,306.73,215,kW
3599,305.16,215,kW
3600,303.59,215,kW
3601,302.01,215,kW
3602,300.44,215,kW
3603,298.87,215,kW
3604,297.29,215,kW
3605,295.72,215,kW
3606,294.48,215,kW
3607,292.57,215,kW
3608,296.56,215,kW
3609,294.99,215,kW
3610,293.42,215,kW
3611,291.84,215,kW
3612,290.27,215,kW
3613,288.7,215,kW
3614,287.12,215,kW
3615,285.55,215,kW
3616,298.53,215,kW
3617,326.06,215,kW
3618,348.03,215,kW
3619,375.56,215,kW
3620,373.38,215,kW
3621,341.49,215,kW
3622,309.61,215,kW
3623,277.72,215,kW
3624,245.83,215,kW
3625,213.94,215,kW
3626,88.99,215,kW
3627,88.99,215,kW
3628,88.99,215,kW
3629,88.99,215,kW
3630,88.99,215,kW
3631,88.99,215,kW
3632,94.55,215,kW
3633,94.55,215,kW
3634,94.55,215,kW
3635,94.55,215,kW
3636,94.55,215,kW
3637,94.55,215,kW
3638,94.55,215,kW
3639,94.55,215,kW
3640,94.55,215,kW
3641,94.55,215,kW
3642,88.99,215,kW
3643,88.99,215,kW
3644,88.99,215,kW
3645,88.99,215,kW
3646,88.99,215,kW
3647,88.99,215,kW
3648,88.99,215,kW
3649,88.99,215,kW
3650,88.99,215,kW
3651,88.99,215,kW
3652,88.99,215,kW
3653,88.99,215,kW
3654,88.99,215,kW
3655,88.99,215,kW
3656,94.55,215,kW
3657,94.55,215,kW
3658,94.55,215,kW
3659,94.55,215,kW
3660,94.55,215,kW
3661,94.55,215,kW
3662,94.55,215,kW
3663,94.55,215,kW
3664,94.55,215,kW
3665,94.55,215,kW
3666,88.99,215,kW
3667,88.99,215,kW
3668,88.99,215,kW
3669,88.99,215,kW
3670,88.99,215,kW
3671,88.99,215,kW
3672,88.99,215,kW
3673,88.99,215,kW
3674,88.99,215,kW
3675,88.99,215,kW
3676,88.99,215,kW
3677,88.99,215,kW
3678,88.99,215,kW
3679,88.99,215,kW
3680,94.55,215,kW
3681,94.55,215,kW
3682,94.55,215,kW
3683,94.55,215,kW
3684,94.55,215,kW
3685,94.55,215,kW
3686,94.55,215,kW
3687,94.55,215,kW
3688,94.55,215,kW
3689,94.55,215,kW
3690,88.99,215,kW
3691,88.99,215,kW
3692,88.99,215,kW
3693,88.99,215,kW
3694,88.99,215,kW
3695,88.99,215,kW
3696,88.99,215,kW
3697,88.99,215,kW
3698,88.99,215,kW
3699,88.99,215,kW
3700,88.99,215,kW
3701,88.99,215,kW
3702,88.99,215,kW
3703,88.99,215,kW
3704,94.55,215,kW
3705,94.55,215,kW
3706,94.55,215,kW
3707,94.55,215,kW
3708,94.55,215,kW
3709,94.55,215,kW
3710,94.55,215,kW
3711,94.55,215,kW
3712,94.55,215,kW
3713,94.55,215,kW
3714,88.99,215,kW
3715,88.99,215,kW
3716,88.99,215,kW
3717,88.99,215,kW
3718,88.99,215,kW
3719,88.99,215,kW
3720,88.99,215,kW
3721,88.99,215,kW
3722,88.99,215,kW
3723,88.99,215,kW
3724,88.99,215,kW
3725,88.99,215,kW
3726,88.99,215,kW
3727,88.99,215,kW
3728,94.55,215,kW
3729,94.55,215,kW
3730,94.55,215,kW
3731,94.55,215,kW
3732,94.55,215,kW
3733,94.55,215,kW
3734,94.55,215,kW
3735,94.55,215,kW
3736,94.55,215,kW
3737,94.55,215,kW
3738,88.99,215,kW
3739,88.99,215,kW
3740,88.99,215,kW
3741,88.99,215,kW
3742,88.99,215,kW
3743,88.99,215,kW
3744,88.99,215,kW
3745,88.99,215,kW
3746,88.99,215,kW
3747,88.99,215,kW
3748,88.99,215,kW
3749,88.99,215,kW
3750,88.99,215,kW
3751,88.99,215,kW
3752,94.55,215,kW
3753,94.55,215,kW
3754,94.55,215,kW
3755,94.55,215,kW
3756,94.55,215,kW
3757,94.55,215,kW
3758,94.55,215,kW
3759,94.55,215,kW
3760,94.55,215,kW
3761,94.55,215,kW
3762,88.99,215,kW
3763,88.99,215,kW
3764,88.99,215,kW
3765,88.99,215,kW
3766,88.99,215,kW
3767,88.99,215,kW
3768,88.99,215,kW
3769,88.99,215,kW
3770,88.99,215,kW
3771,88.99,215,kW
3772,88.99,215,kW
3773,88.99,215,kW
3774,88.99,215,kW
3775,88.99,215,kW
3776,94.55,215,kW
3777,94.55,215,kW
3778,94.55,215,kW
3779,94.55,215,kW
3780,94.55,215,kW
3781,94.55,215,kW
3782,94.55,215,kW
3783,94.55,215,kW
3784,94.55,215,kW
3785,94.55,215,kW
3786,88.99,215,kW
3787,88.99,215,kW
3788,88.99,215,kW
3789,88.99,215,kW
3790,88.99,215,kW
3791,88.99,215,kW
3792,88.99,215,kW
3793,88.99,215,kW
3794,88.99,215,kW
3795,88.99,215,kW
3796,88.99,215,kW
3797,88.99,215,kW
3798,88.99,215,kW
3799,88.99,215,kW
3800,94.55,215,kW
3801,94.55,215,kW
3802,94.55,215,kW
3803,94.55,215,kW
3804,94.55,215,kW
3805,94.55,215,kW
3806,94.55,215,kW
3807,94.55,215,kW
3808,94.55,215,kW
3809,94.55,215,kW
3810,88.99,215,kW
3811,88.99,215,kW
3812,88.99,215,kW
3813,88.99,215,kW
3814,88.99,215,kW
3815,88.99,215,kW
3816,88.99,215,kW
3817,88.99,215,kW
3818,88.99,215,kW
3819,88.99,215,kW
3820,88.99,215,kW
3821,88.99,215,kW
3822,88.99,215,kW
3823,88.99,215,kW
3824,88.99,215,kW
3825,88.99,215,kW
3826,88.99,215,kW
3827,88.99,215,kW
3828,88.99,215,kW
3829,88.99,215,kW
3830,88.99,215,kW
3831,88.99,215,kW
3832,88.99,215,kW
3833,88.99,215,kW
3834,88.99,215,kW
3835,88.99,215,kW
3836,88.99,215,kW
3837,88.99,215,kW
3838,88.99,215,kW
3839,88.99,215,kW
3840,88.99,215,kW
3841,88.99,215,kW
3842,88.99,215,kW
3843,88.99,215,kW
3844,88.99,215,kW
3845,88.99,215,kW
3846,88.99,215,kW
3847,88.99,215,kW
3848,88.99,215,kW
3849,88.99,215,kW
3850,88.99,215,kW
3851,88.99,215,kW
3852,88.99,215,kW
3853,88.99,215,kW
3854,88.99,215,kW
3855,88.99,215,kW
3856,88.99,215,kW
3857,88.99,215,kW
3858,88.99,215,kW
3859,88.99,215,kW
3860,88.99,215,kW
3861,88.99,215,kW
3862,88.99,215,kW
3863,88.99,215,kW
3864,88.99,215,kW
3865,88.99,215,kW
3866,88.99,215,kW
3867,88.99,215,kW
3868,88.99,215,kW
3869,88.99,215,kW
3870,88.99,215,kW
3871,88.99,215,kW
3872,88.99,215,kW
3873,88.99,215,kW
3874,88.99,215,kW
3875,88.99,215,kW
3876,88.99,215,kW
3877,88.99,215,kW
3878,88.99,215,kW
3879,88.99,215,kW
3880,88.99,215,kW
3881,88.99,215,kW
3882,88.99,215,kW
3883,88.99,215,kW
3884,88.99,215,kW
3885,88.99,215,kW
3886,88.99,215,kW
3887,88.99,215,kW
3888,198,215,kW
3889,221.08,215,kW
3890,267.24,215,kW
3891,290.33,215,kW
3892,290.33,215,kW
3893,290.33,215,kW
3894,290.33,215,kW
3895,339.83,215,kW
3896,394.89,215,kW
3897,394.89,215,kW
3898,394.89,215,kW
3899,394.89,215,kW
3900,394.89,215,kW
3901,394.89,215,kW
3902,394.89,215,kW
3903,394.89,215,kW
3904,394.89,215,kW
3905,394.89,215,kW
3906,389.33,215,kW
3907,389.33,215,kW
3908,389.66,215,kW
3909,389.33,215,kW
3910,389.33,215,kW
3911,389.33,215,kW
3912,389.33,215,kW
3913,389.33,215,kW
3914,389.33,215,kW
3915,389.33,215,kW
3916,389.33,215,kW
3917,389.33,215,kW
3918,389.33,215,kW
3919,389.33,215,kW
3920,394.89,215,kW
3921,394.89,215,kW
3922,394.89,215,kW
3923,394.89,215,kW
3924,394.89,215,kW
3925,394.89,215,kW
3926,394.89,215,kW
3927,394.89,215,kW
3928,394.89,215,kW
3929,394.89,215,kW
3930,389.33,215,kW
3931,389.33,215,kW
3932,389.33,215,kW
3933,389.33,215,kW
3934,389.66,215,kW
3935,389.33,215,kW
3936,389.33,215,kW
3937,389.33,215,kW
3938,389.33,215,kW
3939,389.33,215,kW
3940,389.33,215,kW
3941,389.33,215,kW
3942,389.33,215,kW
3943,389.33,215,kW
3944,394.89,215,kW
3945,394.89,215,kW
3946,394.89,215,kW
3947,394.89,215,kW
3948,394.89,215,kW
3949,394.89,215,kW
3950,394.89,215,kW
3951,394.89,215,kW
3952,394.89,215,kW
3953,394.89,215,kW
3954,389.33,215,kW
3955,389.33,215,kW
3956,389.33,215,kW
3957,389.33,215,kW
3958,389.33,215,kW
3959,389.33,215,kW
3960,389.33,215,kW
3961,389.66,215,kW
3962,389.33,215,kW
3963,389.33,215,kW
3964,389.33,215,kW
3965,389.33,215,kW
3966,389.33,215,kW
3967,389.33,215,kW
3968,394.89,215,kW
3969,394.89,215,kW
3970,394.89,215,kW
3971,394.89,215,kW
3972,394.89,215,kW
3973,394.89,215,kW
3974,394.89,215,kW
3975,394.89,215,kW
3976,394.89,215,kW
3977,394.89,215,kW
3978,389.33,215,kW
3979,389.33,215,kW
3980,389.33,215,kW
3981,389.33,215,kW
3982,389.33,215,kW
3983,389.33,215,kW
3984,389.33,215,kW
3985,389.33,215,kW
3986,389.33,215,kW
3987,389.33,215,kW
3988,389.66,215,kW
3989,389.33,215,kW
3990,389.33,215,kW
3991,389.33,215,kW
3992,394.89,215,kW
3993,394.89,215,kW
3994,394.89,215,kW
3995,394.89,215,kW
3996,394.89,215,kW
3997,394.89,215,kW
3998,394.89,215,kW
3999,394.89,215,kW
4000,394.89,215,kW
4001,394.89,215,kW
4002,389.33,215,kW
4003,389.33,215,kW
4004,389.33,215,kW
4005,389.33,215,kW
4006,389.33,215,kW
4007,389.33,215,kW
4008,388.54,215,kW
4009,386.97,215,kW
4010,385.39,215,kW
4011,383.82,215,kW
4012,382.25,215,kW
4013,380.67,215,kW
4014,379.43,215,kW
4015,377.53,215,kW
4016,381.52,215,kW
4017,379.94,215,kW
4018,378.37,215,kW
4019,376.8,215,kW
4020,375.22,215,kW
4021,373.65,215,kW
4022,372.08,215,kW
4023,370.5,215,kW
4024,368.93,215,kW
4025,367.36,215,kW
4026,360.22,215,kW
4027,358.65,215,kW
4028,357.08,215,kW
4029,355.5,215,kW
4030,353.93,215,kW
4031,352.36,215,kW
4032,350.78,215,kW
4033,349.21,215,kW
4034,347.64,215,kW
4035,346.06,215,kW
4036,344.49,215,kW
4037,342.92,215,kW
4038,341.34,215,kW
4039,339.77,215,kW
4040,343.76,215,kW
4041,342.52,215,kW
4042,340.61,215,kW
4043,339.04,215,kW
4044,337.47,215,kW
4045,335.89,215,kW
4046,334.32,215,kW
4047,332.75,215,kW
4048,331.17,215,kW
4049,329.6,215,kW
4050,322.46,215,kW
4051,320.89,215,kW
4052,319.32,215,kW
4053,317.75,215,kW
4054,316.17,215,kW
4055,314.6,215,kW
4056,313.03,215,kW
4057,311.45,215,kW
4058,309.88,215,kW
4059,308.31,215,kW
4060,306.73,215,kW
4061,305.16,215,kW
4062,303.59,215,kW
4063,302.01,215,kW
4064,306,215,kW
4065,304.43,215,kW
4066,302.86,215,kW
4067,301.28,215,kW
4068,300.04,215,kW
4069,298.14,215,kW
4070,296.56,215,kW
4071,294.99,215,kW
4072,293.42,215,kW
4073,291.84,215,kW
4074,284.71,215,kW
4075,283.13,218,kW
4076,281.56,218,kW
4077,279.99,218,kW
4078,292.97,218,kW
4079,320.5,218,kW
4080,348.03,218,kW
4081,375.56,218,kW
4082,373.38,218,kW
4083,341.49,218,kW
4084,309.61,218,kW
4085,277.72,218,kW
4086,245.83,218,kW
4087,213.94,218,kW
4088,94.55,218,kW
4089,203.56,218,kW
4090,226.64,218,kW
4091,272.81,218,kW
4092,295.89,218,kW
4093,295.89,218,kW
4094,295.89,218,kW
4095,295.89,218,kW
4096,345.39,218,kW
4097,394.89,218,kW
4098,389.33,218,kW
4099,389.33,218,kW
4100,389.33,218,kW
4101,389.33,218,kW
4102,389.33,218,kW
4103,389.33,218,kW
4104,389.33,218,kW
4105,389.33,218,kW
4106,389.33,218,kW
4107,389.33,218,kW
4108,389.33,218,kW
4109,389.66,218,kW
4110,389.33,218,kW
4111,389.33,218,kW
4112,394.89,218,kW
4113,394.89,218,kW
4114,394.89,218,kW
4115,394.89,218,kW
4116,394.89,218,kW
4117,394.89,218,kW
4118,394.89,218,kW
4119,394.89,218,kW
4120,394.89,218,kW
4121,394.89,218,kW
4122,389.33,218,kW
4123,389.33,218,kW
4124,389.33,218,kW
4125,389.33,218,kW
4126,389.33,218,kW
4127,389.33,218,kW
4128,389.33,218,kW
4129,389.33,218,kW
4130,389.33,218,kW
4131,389.33,218,kW
4132,389.33,218,kW
4133,389.33,218,kW
4134,389.33,218,kW
4135,389.66,218,kW
4136,394.89,218,kW
4137,394.89,218,kW
4138,394.89,218,kW
4139,394.89,218,kW
4140,394.89,218,kW
4141,394.89,218,kW
4142,394.89,218,kW
4143,394.89,218,kW
4144,394.89,218,kW
4145,394.89,218,kW
4146,389.33,218,kW
4147,389.33,218,kW
4148,389.33,218,kW
4149,389.33,218,kW
4150,389.33,218,kW
4151,389.33,218,kW
4152,389.33,218,kW
4153,389.33,218,kW
4154,389.33,218,kW
4155,389.33,218,kW
4156,389.33,218,kW
4157,389.33,218,kW
4158,389.33,218,kW
4159,389.33,218,kW
4160,394.89,218,kW
4161,394.89,218,kW
4162,395.22,218,kW
4163,394.89,218,kW
4164,394.89,218,kW
4165,394.89,218,kW
4166,394.89,218,kW
4167,394.89,218,kW
4168,394.89,218,kW
4169,394.89,218,kW
4170,389.33,218,kW
4171,389.33,218,kW
4172,389.33,218,kW
4173,389.33,218,kW
4174,389.33,218,kW
4175,389.33,218,kW
4176,389.33,218,kW
4177,389.33,218,kW
4178,389.33,218,kW
4179,389.33,218,kW
4180,389.33,218,kW
4181,389.33,218,kW
4182,389.33,218,kW
4183,389.33,218,kW
4184,394.89,218,kW
4185,394.89,218,kW
4186,394.89,218,kW
4187,394.89,218,kW
4188,394.89,218,kW
4189,395.22,218,kW
4190,394.89,218,kW
4191,394.89,218,kW
4192,394.89,218,kW
4193,394.89,218,kW
4194,389.33,218,kW
4195,389.33,218,kW
4196,389.33,218,kW
4197,389.33,218,kW
4198,389.33,218,kW
4199,389.33,218,kW
4200,389.33,218,kW
4201,389.33,218,kW
4202,389.33,218,kW
4203,389.33,218,kW
4204,389.33,218,kW
4205,389.33,218,kW
4206,389.33,218,kW
4207,389.33,218,kW
4208,394.89,218,kW
4209,394.1,218,kW
4210,392.53,218,kW
4211,390.96,218,kW
4212,389.38,218,kW
4213,387.81,218,kW
4214,386.24,218,kW
4215,385,218,kW
4216,383.09,218,kW
4217,381.52,218,kW
4218,374.38,218,kW
4219,372.81,218,kW
4220,371.23,218,kW
4221,369.66,218,kW
4222,368.09,218,kW
4223,366.51,218,kW
4224,364.94,218,kW
4225,363.37,218,kW
4226,361.8,218,kW
4227,360.22,218,kW
4228,358.65,218,kW
4229,357.08,218,kW
4230,355.5,218,kW
4231,353.93,218,kW
4232,357.92,218,kW
4233,356.34,218,kW
4234,354.77,218,kW
4235,353.2,218,kW
4236,351.62,218,kW
4237,350.05,218,kW
4238,348.48,218,kW
4239,346.91,218,kW
4240,345.33,218,kW
4241,343.76,218,kW
4242,336.96,218,kW
4243,335.05,218,kW
4244,333.48,218,kW
4245,331.9,218,kW
4246,330.33,218,kW
4247,328.76,218,kW
4248,327.18,218,kW
4249,325.61,218,kW
4250,324.04,218,kW
4251,322.46,218,kW
4252,320.89,218,kW
4253,319.32,218,kW
4254,317.75,218,kW
4255,316.17,218,kW
4256,320.16,218,kW
4257,318.59,218,kW
4258,317.01,218,kW
4259,315.44,218,kW
4260,313.87,218,kW
4261,312.29,218,kW
4262,310.72,218,kW
4263,309.15,218,kW
4264,307.57,218,kW
4265,306,218,kW
4266,298.87,218,kW
4267,297.29,218,kW
4268,295.72,218,kW
4269,294.48,218,kW
4270,292.57,218,kW
4271,291,218,kW
4272,289.43,218,kW
4273,287.85,218,kW
4274,286.28,218,kW
4275,284.71,218,kW
4276,283.13,218,kW
4277,281.56,218,kW
4278,279.99,218,kW
4279,292.97,218,kW
4280,326.06,218,kW
4281,353.59,218,kW
4282,381.12,218,kW
4283,378.94,218,kW
4284,347.06,218,kW
4285,315.17,218,kW
4286,283.28,218,kW
4287,251.39,218,kW
4288,219.5,218,kW
4289,94.55,218,kW
4290,198,218,kW
4291,221.08,218,kW
4292,267.24,218,kW
4293,290.33,218,kW
4294,290.33,218,kW
4295,290.33,218,kW
4296,290.33,218,kW
4297,339.83,218,kW
4298,389.33,218,kW
4299,389.33,218,kW
4300,389.33,218,kW
4301,389.33,218,kW
4302,389.33,218,kW
4303,389.33,218,kW
4304,394.89,218,kW
4305,394.89,218,kW
4306,394.89,218,kW
4307,394.89,218,kW
4308,394.89,218,kW
4309,394.89,218,kW
4310,395.22,218,kW
4311,394.89,218,kW
4312,394.89,218,kW
4313,394.89,218,kW
4314,389.33,218,kW
4315,389.33,218,kW
4316,389.33,218,kW
4317,389.33,218,kW
4318,389.33,218,kW
4319,389.33,218,kW
4320,389.33,218,kW
4321,389.33,218,kW
4322,389.33,218,kW
4323,389.33,218,kW
4324,389.33,218,kW
4325,389.33,218,kW
4326,389.33,218,kW
4327,389.33,218,kW
4328,394.89,218,kW
4329,394.89,218,kW
4330,394.89,218,kW
4331,394.89,218,kW
4332,394.89,218,kW
4333,394.89,218,kW
4334,394.89,218,kW
4335,394.89,218,kW
4336,395.22,218,kW
4337,394.89,218,kW
4338,389.33,218,kW
4339,389.33,218,kW
4340,389.33,218,kW
4341,389.33,218,kW
4342,389.33,218,kW
4343,389.33,218,kW
4344,389.33,218,kW
4345,389.33,218,kW
4346,389.33,218,kW
4347,389.33,218,kW
4348,389.33,218,kW
4349,389.33,218,kW
4350,389.33,218,kW
4351,389.33,218,kW
4352,394.89,218,kW
4353,394.89,218,kW
4354,394.89,218,kW
4355,394.89,218,kW
4356,394.89,218,kW
4357,394.89,218,kW
4358,394.89,218,kW
4359,394.89,218,kW
4360,394.89,218,kW
4361,394.89,218,kW
4362,389.33,218,kW
4363,389.66,218,kW
4364,389.33,218,kW
4365,389.33,218,kW
4366,389.33,218,kW
4367,389.33,218,kW
4368,389.33,218,kW
4369,389.33,218,kW
4370,389.33,218,kW
4371,389.33,218,kW
4372,389.33,218,kW
4373,389.33,218,kW
4374,389.33,218,kW
4375,389.33,218,kW
4376,394.89,218,kW
4377,394.89,218,kW
4378,394.89,218,kW
4379,394.89,218,kW
4380,394.89,218,kW
4381,394.89,218,kW
4382,394.89,218,kW
4383,394.89,218,kW
4384,394.89,218,kW
4385,394.89,218,kW
4386,389.33,218,kW
4387,389.33,218,kW
4388,389.33,218,kW
4389,389.33,218,kW
4390,389.66,218,kW
4391,389.33,218,kW
4392,389.33,218,kW
4393,389.33,218,kW
4394,389.33,218,kW
4395,389.33,218,kW
4396,389.33,218,kW
4397,389.33,218,kW
4398,389.33,218,kW
4399,389.33,218,kW
4400,394.89,218,kW
4401,394.89,218,kW
4402,394.89,218,kW
4403,394.89,218,kW
4404,394.89,218,kW
4405,394.89,218,kW
4406,394.89,218,kW
4407,394.89,218,kW
4408,394.89,218,kW
4409,394.89,218,kW
4410,388.54,218,kW
4411,386.97,218,kW
4412,385.39,218,kW
4413,383.82,218,kW
4414,382.25,218,kW
4415,380.67,218,kW
4416,379.43,218,kW
4417,377.53,218,kW
4418,375.95,218,kW
4419,374.38,218,kW
4420,372.81,218,kW
4421,371.23,218,kW
4422,369.66,218,kW
4423,368.09,218,kW
4424,372.08,218,kW
4425,370.5,218,kW
4426,368.93,218,kW
4427,367.36,218,kW
4428,365.78,218,kW
4429,364.21,218,kW
4430,362.64,218,kW
4431,361.06,218,kW
4432,359.49,218,kW
4433,357.92,218,kW
4434,350.78,218,kW
4435,349.21,218,kW
4436,347.64,218,kW
4437,346.06,218,kW
4438,344.49,218,kW
4439,342.92,218,kW
4440,341.34,218,kW
4441,339.77,218,kW
4442,338.2,218,kW
4443,336.96,218,kW
4444,335.05,218,kW
4445,333.48,218,kW
4446,331.9,218,kW
4447,330.33,218,kW
4448,334.32,218,kW
4449,332.75,218,kW
4450,331.17,218,kW
4451,329.6,218,kW
4452,328.03,218,kW
4453,326.45,218,kW
4454,324.88,218,kW
4455,323.31,218,kW
4456,321.73,218,kW
4457,320.16,218,kW
4458,313.03,218,kW
4459,311.45,218,kW
4460,309.88,218,kW
4461,308.31,218,kW
4462,306.73,218,kW
4463,305.16,218,kW
4464,303.59,218,kW
4465,302.01,218,kW
4466,300.44,218,kW
4467,298.87,218,kW
4468,297.29,218,kW
4469,295.72,218,kW
4470,294.48,218,kW
4471,292.57,218,kW
4472,296.56,218,kW
4473,294.99,218,kW
4474,293.42,218,kW
4475,291.84,218,kW
4476,290.27,218,kW
4477,288.7,218,kW
4478,287.12,218,kW
4479,285.55,218,kW
4480,298.53,218,kW
4481,326.06,218,kW
4482,348.03,218,kW
4483,375.56,218,kW
4484,373.38,218,kW
4485,341.49,218,kW
4486,309.61,218,kW
4487,277.72,218,kW
4488,245.83,218,kW
4489,213.94,218,kW
4490,88.99,218,kW
4491,198,218,kW
4492,221.08,218,kW
4493,267.24,218,kW
4494,290.33,218,kW
4495,290.33,218,kW
4496,295.89,218,kW
4497,295.89,218,kW
4498,345.39,218,kW
4499,394.89,218,kW
4500,394.89,218,kW
4501,394.89,218,kW
4502,394.89,218,kW
4503,394.89,218,kW
4504,394.89,218,kW
4505,394.89,218,kW
4506,389.33,218,kW
4507,389.33,218,kW
4508,389.33,218,kW
4509,389.33,218,kW
4510,389.33,218,kW
4511,389.66,218,kW
4512,389.33,218,kW
4513,389.33,218,kW
4514,389.33,218,kW
4515,389.33,218,kW
4516,389.33,218,kW
4517,389.33,218,kW
4518,389.33,218,kW
4519,389.33,218,kW
4520,394.89,218,kW
4521,394.89,218,kW
4522,394.89,218,kW
4523,394.89,218,kW
4524,394.89,218,kW
4525,394.89,218,kW
4526,394.89,218,kW
4527,394.89,218,kW
4528,394.89,218,kW
4529,394.89,218,kW
4530,389.33,218,kW
4531,389.33,218,kW
4532,389.33,218,kW
4533,389.33,218,kW
4534,389.33,218,kW
4535,389.33,218,kW
4536,389.33,218,kW
4537,389.66,218,kW
4538,389.33,218,kW
4539,389.33,218,kW
4540,389.33,218,kW
4541,389.33,218,kW
4542,389.33,218,kW
4543,389.33,218,kW
4544,394.89,218,kW
4545,394.89,218,kW
4546,394.89,218,kW
4547,394.89,218,kW
4548,394.89,218,kW
4549,394.89,218,kW
4550,394.89,218,kW
4551,394.89,218,kW
4552,394.89,218,kW
4553,394.89,218,kW
4554,389.33,218,kW
4555,389.33,218,kW
4556,389.33,218,kW
4557,389.33,218,kW
4558,389.33,218,kW
4559,389.33,218,kW
4560,389.33,218,kW
4561,389.33,218,kW
4562,389.33,218,kW
4563,389.33,218,kW
4564,389.66,218,kW
4565,389.33,218,kW
4566,389.33,218,kW
4567,389.33,218,kW
4568,394.89,218,kW
4569,394.89,218,kW
4570,394.89,218,kW
4571,394.89,218,kW
4572,394.89,218,kW
4573,394.89,218,kW
4574,394.89,218,kW
4575,394.89,218,kW
4576,394.89,218,kW
4577,394.89,218,kW
4578,389.33,218,kW
4579,389.33,218,kW
4580,389.33,218,kW
4581,389.33,218,kW
4582,389.33,218,kW
4583,389.33,218,kW
4584,389.33,218,kW
4585,389.33,218,kW
4586,389.33,218,kW
4587,389.33,218,kW
4588,389.33,218,kW
4589,389.33,218,kW
4590,389.33,218,kW
4591,389.66,218,kW
4592,394.89,218,kW
4593,394.89,218,kW
4594,394.89,218,kW
4595,394.89,218,kW
4596,394.89,218,kW
4597,394.89,218,kW
4598,394.89,218,kW
4599,394.89,218,kW
4600,394.89,218,kW
4601,394.89,218,kW
4602,389.33,218,kW
4603,389.33,218,kW
4604,389.33,218,kW
4605,389.33,218,kW
4606,389.33,218,kW
4607,389.33,218,kW
4608,389.33,218,kW
4609,389.33,218,kW
4610,389.33,218,kW
4611,388.54,218,kW
4612,386.97,218,kW
4613,385.39,218,kW
4614,383.82,218,kW
4615,382.25,218,kW
4616,386.24,218,kW
4617,385,218,kW
4618,383.09,218,kW
4619,381.52,218,kW
4620,379.94,218,kW
4621,378.37,218,kW
4622,376.8,218,kW
4623,375.22,218,kW
4624,373.65,218,kW
4625,372.08,218,kW
4626,364.94,218,kW
4627,363.37,218,kW
4628,361.8,218,kW
4629,360.22,218,kW
4630,358.65,218,kW
4631,357.08,218,kW
4632,355.5,218,kW
4633,353.93,218,kW
4634,352.36,218,kW
4635,350.78,218,kW
4636,349.21,218,kW
4637,347.64,218,kW
4638,346.06,218,kW
4639,344.49,218,kW
4640,348.48,218,kW
4641,346.91,218,kW
4642,345.33,218,kW
4643,343.76,218,kW
4644,342.52,218,kW
4645,340.61,218,kW
4646,339.04,218,kW
4647,337.47,218,kW
4648,335.89,218,kW
4649,334.32,218,kW
4650,327.18,218,kW
4651,325.61,218,kW
4652,324.04,218,kW
4653,322.46,218,kW
4654,320.89,218,kW
4655,319.32,218,kW
4656,317.75,218,kW
4657,316.17,218,kW
4658,314.6,218,kW
4659,313.03,218,kW
4660,311.45,218,kW
4661,309.88,218,kW
4662,308.31,218,kW
4663,306.73,218,kW
4664,310.72,218,kW
4665,309.15,218,kW
4666,307.57,218,kW
4667,306,218,kW
4668,304.43,218,kW
4669,302.86,218,kW
4670,301.28,218,kW
4671,300.04,218,kW
4672,298.14,218,kW
4673,296.56,218,kW
4674,289.43,218,kW
4675,287.85,218,kW
4676,286.28,218,kW
4677,284.71,218,kW
4678,283.13,218,kW
4679,281.56,218,kW
4680,279.99,218,kW
4681,292.97,218,kW
4682,320.5,218,kW
4683,348.03,218,kW
4684,375.56,218,kW
4685,373.38,218,kW
4686,341.49,218,kW
4687,309.61,218,kW
4688,283.28,218,kW
4689,251.39,218,kW
4690,219.5,218,kW
4691,94.55,218,kW
4692,203.56,218,kW
4693,226.64,218,kW
4694,272.81,218,kW
4695,295.89,218,kW
4696,295.89,218,kW
4697,295.89,218,kW
4698,290.33,218,kW
4699,339.83,218,kW
4700,389.33,218,kW
4701,389.33,218,kW
4702,389.33,218,kW
4703,389.33,218,kW
4704,389.33,218,kW
4705,389.33,218,kW
4706,389.33,218,kW
4707,389.33,218,kW
4708,389.33,218,kW
4709,389.33,218,kW
4710,389.33,218,kW
4711,389.33,218,kW
4712,395.22,218,kW
4713,394.89,218,kW
4714,394.89,218,kW
4715,394.89,218,kW
4716,394.89,218,kW
4717,394.89,218,kW
4718,394.89,218,kW
4719,394.89,218,kW
4720,394.89,218,kW
4721,394.89,218,kW
4722,389.33,218,kW
4723,389.33,218,kW
4724,389.33,218,kW
4725,389.33,218,kW
4726,389.33,218,kW
4727,389.33,218,kW
4728,389.33,218,kW
4729,389.33,218,kW
4730,389.33,218,kW
4731,389.33,218,kW
4732,389.33,218,kW
4733,389.33,218,kW
4734,389.33,218,kW
4735,389.33,218,kW
4736,394.89,218,kW
4737,394.89,218,kW
4738,395.22,218,kW
4739,394.89,218,kW
4740,394.89,218,kW
4741,394.89,218,kW
4742,394.89,218,kW
4743,394.89,218,kW
4744,394.89,220,kW
4745,394.89,220,kW
4746,389.33,220,kW
4747,389.33,220,kW
4748,389.33,220,kW
4749,389.33,220,kW
4750,389.33,220,kW
4751,389.33,220,kW
4752,389.33,220,kW
4753,389.33,220,kW
4754,389.33,220,kW
4755,389.33,220,kW
4756,389.33,220,kW
4757,389.33,220,kW
4758,389.33,220,kW
4759,389.33,220,kW
4760,394.89,220,kW
4761,394.89,220,kW
4762,394.89,220,kW
4763,394.89,220,kW
4764,394.89,220,kW
4765,395.22,220,kW
4766,394.89,220,kW
4767,394.89,220,kW
4768,394.89,220,kW
4769,394.89,220,kW
4770,389.33,220,kW
4771,389.33,220,kW
4772,389.33,220,kW
4773,389.33,220,kW
4774,389.33,220,kW
4775,389.33,220,kW
4776,389.33,220,kW
4777,389.33,220,kW
4778,389.33,220,kW
4779,389.33,220,kW
4780,389.33,220,kW
4781,389.33,220,kW
4782,389.33,220,kW
4783,389.33,220,kW
4784,394.89,220,kW
4785,394.89,220,kW
4786,394.89,220,kW
4787,394.89,220,kW
4788,394.89,220,kW
4789,394.89,220,kW
4790,394.89,220,kW
4791,394.89,220,kW
4792,395.22,220,kW
4793,394.89,220,kW
4794,389.33,220,kW
4795,389.33,220,kW
4796,389.33,220,kW
4797,389.33,220,kW
4798,389.33,220,kW
4799,389.33,220,kW
4800,389.33,220,kW
4801,389.33,220,kW
4802,389.33,220,kW
4803,389.33,220,kW
4804,389.33,220,kW
4805,389.33,220,kW
4806,389.33,220,kW
4807,389.33,220,kW
4808,394.89,220,kW
4809,394.89,220,kW
4810,394.89,220,kW
4811,394.89,220,kW
4812,394.1,220,kW
4813,392.53,220,kW
4814,390.96,220,kW
4815,389.38,220,kW
4816,387.81,220,kW
4817,386.24,220,kW
4818,379.43,220,kW
4819,377.53,220,kW
4820,375.95,220,kW
4821,374.38,220,kW
4822,372.81,220,kW
4823,371.23,220,kW
4824,369.66,220,kW
4825,368.09,220,kW
4826,366.51,220,kW
4827,364.94,220,kW
4828,363.37,220,kW
4829,361.8,220,kW
4830,360.22,220,kW
4831,358.65,220,kW
4832,362.64,220,kW
4833,361.06,220,kW
4834,359.49,220,kW
4835,357.92,220,kW
4836,356.34,220,kW
4837,354.77,220,kW
4838,353.2,220,kW
4839,351.62,220,kW
4840,350.05,220,kW
4841,348.48,220,kW
4842,341.34,220,kW
4843,339.77,220,kW
4844,338.2,220,kW
4845,336.96,220,kW
4846,335.05,220,kW
4847,333.48,220,kW
4848,331.9,220,kW
4849,330.33,220,kW
4850,328.76,220,kW
4851,327.18,220,kW
4852,325.61,220,kW
4853,324.04,220,kW
4854,322.46,220,kW
4855,320.89,220,kW
4856,324.88,220,kW
4857,323.31,220,kW
4858,321.73,220,kW
4859,320.16,220,kW
4860,318.59,220,kW
4861,317.01,220,kW
4862,315.44,220,kW
4863,313.87,220,kW
4864,312.29,220,kW
4865,310.72,220,kW
4866,303.59,220,kW
4867,302.01,220,kW
4868,300.44,220,kW
4869,298.87,220,kW
4870,297.29,220,kW
4871,295.72,220,kW
4872,294.48,220,kW
4873,292.57,220,kW
4874,291,220,kW
4875,289.43,220,kW
4876,287.85,220,kW
4877,286.28,220,kW
4878,284.71,220,kW
4879,283.13,220,kW
4880,287.12,220,kW
4881,285.55,220,kW
4882,298.53,220,kW
4883,326.06,220,kW
4884,353.59,220,kW
4885,381.12,220,kW
4886,378.94,220,kW
4887,347.06,220,kW
4888,315.17,220,kW
4889,283.28,220,kW
4890,245.83,220,kW
4891,213.94,220,kW
4892,88.99,220,kW
4893,198,220,kW
4894,221.08,220,kW
4895,267.24,220,kW
4896,290.33,220,kW
4897,290.33,220,kW
4898,290.33,220,kW
4899,290.33,220,kW
4900,339.83,220,kW
4901,389.33,220,kW
4902,389.33,220,kW
4903,389.33,220,kW
4904,394.89,220,kW
4905,394.89,220,kW
4906,394.89,220,kW
4907,394.89,220,kW
4908,394.89,220,kW
4909,394.89,220,kW
4910,394.89,220,kW
4911,394.89,220,kW
4912,394.89,220,kW
4913,395.22,220,kW
4914,389.33,220,kW
4915,389.33,220,kW
4916,389.33,220,kW
4917,389.33,220,kW
4918,389.33,220,kW
4919,389.33,220,kW
4920,389.33,220,kW
4921,389.33,220,kW
4922,389.33,220,kW
4923,389.33,220,kW
4924,389.33,220,kW
4925,389.33,220,kW
4926,389.33,220,kW
4927,389.33,220,kW
4928,394.89,220,kW
4929,394.89,220,kW
4930,394.89,220,kW
4931,394.89,220,kW
4932,394.89,220,kW
4933,394.89,220,kW
4934,394.89,220,kW
4935,394.89,220,kW
4936,394.89,220,kW
4937,394.89,220,kW
4938,389.33,220,kW
4939,389.66,220,kW
4940,389.33,220,kW
4941,389.33,220,kW
4942,389.33,220,kW
4943,389.33,220,kW
4944,389.33,220,kW
4945,389.33,220,kW
4946,389.33,220,kW
4947,389.33,220,kW
4948,389.33,220,kW
4949,389.33,220,kW
4950,389.33,220,kW
4951,389.33,220,kW
4952,394.89,220,kW
4953,394.89,220,kW
4954,394.89,220,kW
4955,394.89,220,kW
4956,394.89,220,kW
4957,394.89,220,kW
4958,394.89,220,kW
4959,394.89,220,kW
4960,394.89,220,kW
4961,394.89,220,kW
4962,389.33,220,kW
4963,389.33,220,kW
4964,389.33,220,kW
4965,389.33,220,kW
4966,389.66,220,kW
4967,389.33,220,kW
4968,389.33,220,kW
4969,389.33,220,kW
4970,389.33,220,kW
4971,389.33,220,kW
4972,389.33,220,kW
4973,389.33,220,kW
4974,389.33,220,kW
4975,389.33,220,kW
4976,394.89,220,kW
4977,394.89,220,kW
4978,394.89,220,kW
4979,394.89,220,kW
4980,394.89,220,kW
4981,394.89,220,kW
4982,394.89,220,kW
4983,394.89,220,kW
4984,394.89,220,kW
4985,394.89,220,kW
4986,389.33,220,kW
4987,389.33,220,kW
4988,389.33,220,kW
4989,389.33,220,kW
4990,389.33,220,kW
4991,389.33,220,kW
4992,389.33,220,kW
4993,389.66,220,kW
4994,389.33,220,kW
4995,389.33,220,kW
4996,389.33,220,kW
4997,389.33,220,kW
4998,389.33,220,kW
4999,389.33,220,kW
5000,394.89,220,kW
5001,394.89,220,kW
5002,394.89,220,kW
5003,394.89,220,kW
5004,394.89,220,kW
5005,394.89,220,kW
5006,394.89,220,kW
5007,394.89,220,kW
5008,394.89,220,kW
5009,394.89,220,kW
5010,389.33,220,kW
5011,389.33,220,kW
5012,389.33,220,kW
5013,388.54,220,kW
5014,386.97,220,kW
5015,385.39,220,kW
5016,383.82,220,kW
5017,382.25,220,kW
5018,380.67,220,kW
5019,379.43,220,kW
5020,377.53,220,kW
5021,375.95,220,kW
5022,374.38,220,kW
5023,372.81,220,kW
5024,376.8,220,kW
5025,375.22,220,kW
5026,373.65,220,kW
5027,372.08,220,kW
5028,370.5,220,kW
5029,368.93,220,kW
5030,367.36,220,kW
5031,365.78,220,kW
5032,364.21,220,kW
5033,362.64,220,kW
5034,355.5,220,kW
5035,353.93,220,kW
5036,352.36,220,kW
5037,350.78,220,kW
5038,349.21,220,kW
5039,347.64,220,kW
5040,346.06,220,kW
5041,344.49,220,kW
5042,342.92,220,kW
5043,341.34,220,kW
5044,339.77,220,kW
5045,338.2,220,kW
5046,336.96,220,kW
5047,335.05,220,kW
5048,339.04,220,kW
5049,337.47,220,kW
5050,335.89,220,kW
5051,334.32,220,kW
5052,332.75,220,kW
5053,331.17,220,kW
5054,329.6,220,kW
5055,328.03,220,kW
5056,326.45,220,kW
5057,324.88,220,kW
5058,317.75,220,kW
5059,316.17,220,kW
5060,314.6,220,kW
5061,313.03,220,kW
5062,311.45,220,kW
5063,309.88,220,kW
5064,308.31,220,kW
5065,306.73,220,kW
5066,305.16,220,kW
5067,303.59,220,kW
5068,302.01,220,kW
5069,300.44,220,kW
5070,298.87,220,kW
5071,297.29,220,kW
5072,301.28,220,kW
5073,300.04,220,kW
5074,298.14,220,kW
5075,296.56,220,kW
5076,294.99,220,kW
5077,293.42,220,kW
5078,291.84,220,kW
5079,290.27,220,kW
5080,288.7,220,kW
5081,287.12,220,kW
5082,279.99,220,kW
5083,292.97,220,kW
5084,320.5,220,kW
5085,348.03,220,kW
5086,375.56,220,kW
5087,373.38,220,kW
5088,341.49,220,kW
5089,309.61,220,kW
5090,277.72,220,kW
5091,245.83,220,kW
5092,213.94,220,kW
5093,88.99,220,kW
5094,198,220,kW
5095,221.08,220,kW
5096,272.81,220,kW
5097,295.89,220,kW
5098,295.89,220,kW
5099,295.89,220,kW
5100,295.89,220,kW
5101,345.39,220,kW
5102,394.89,220,kW
5103,394.89,220,kW
5104,394.89,220,kW
5105,394.89,220,kW
5106,389.33,220,kW
5107,389.33,220,kW
5108,389.33,220,kW
5109,389.33,220,kW
5110,389.33,220,kW
5111,389.33,220,kW
5112,389.33,220,kW
5113,389.33,220,kW
5114,389.66,220,kW
5115,389.33,220,kW
5116,389.33,220,kW
5117,389.33,220,kW
5118,389.33,220,kW
5119,389.33,220,kW
5120,394.89,220,kW
5121,394.89,220,kW
5122,394.89,220,kW
5123,394.89,220,kW
5124,394.89,220,kW
5125,394.89,220,kW
5126,394.89,220,kW
5127,394.89,220,kW
5128,394.89,220,kW
5129,394.89,220,kW
5130,389.33,220,kW
5131,389.33,220,kW
5132,389.33,220,kW
5133,389.33,220,kW
5134,389.33,220,kW
5135,389.33,220,kW
5136,389.33,220,kW
5137,389.33,220,kW
5138,389.33,220,kW
5139,389.33,220,kW
5140,389.66,220,kW
5141,389.33,220,kW
5142,389.33,220,kW
5143,389.33,220,kW
5144,394.89,220,kW
5145,394.89,220,kW
5146,394.89,220,kW
5147,394.89,220,kW
5148,394.89,220,kW
5149,394.89,220,kW
5150,394.89,220,kW
5151,394.89,220,kW
5152,394.89,220,kW
5153,394.89,220,kW
5154,389.33,220,kW
5155,389.33,220,kW
5156,389.33,220,kW
5157,389.33,220,kW
5158,389.33,220,kW
5159,389.33,220,kW
5160,389.33,220,kW
5161,389.33,220,kW
5162,389.33,220,kW
5163,389.33,220,kW
5164,389.33,220,kW
5165,389.33,220,kW
5166,389.33,220,kW
5167,389.66,220,kW
5168,394.89,220,kW
5169,394.89,220,kW
5170,394.89,220,kW
5171,394.89,220,kW
5172,394.89,220,kW
5173,394.89,220,kW
5174,394.89,220,kW
5175,394.89,220,kW
5176,394.89,220,kW
5177,394.89,220,kW
5178,389.33,220,kW
5179,389.33,220,kW
5180,389.33,220,kW
5181,389.33,220,kW
5182,389.33,220,kW
5183,389.33,220,kW
5184,389.33,220,kW
5185,389.33,220,kW
5186,389.33,220,kW
5187,389.33,220,kW
5188,389.33,220,kW
5189,389.33,220,kW
5190,389.33,220,kW
5191,389.33,220,kW
5192,394.89,220,kW
5193,394.89,220,kW
5194,395.22,220,kW
5195,394.89,220,kW
5196,394.89,220,kW
5197,394.89,220,kW
5198,394.89,220,kW
5199,394.89,220,kW
5200,394.89,220,kW
5201,394.89,220,kW
5202,389.33,220,kW
5203,389.33,220,kW
5204,389.33,220,kW
5205,389.33,220,kW
5206,389.33,220,kW
5207,389.33,220,kW
5208,389.33,220,kW
5209,389.33,220,kW
5210,389.33,220,kW
5211,389.33,220,kW
5212,389.33,220,kW
5213,389.33,220,kW
5214,388.54,220,kW
5215,386.97,220,kW
5216,390.96,220,kW
5217,389.38,220,kW
5218,387.81,220,kW
5219,386.24,220,kW
5220,385,220,kW
5221,383.09,220,kW
5222,381.52,220,kW
5223,379.94,220,kW
5224,378.37,220,kW
5225,376.8,220,kW
5226,369.66,220,kW
5227,368.09,220,kW
5228,366.51,220,kW
5229,364.94,220,kW
5230,363.37,220,kW
5231,361.8,220,kW
5232,360.22,220,kW
5233,358.65,220,kW
5234,357.08,220,kW
5235,355.5,220,kW
5236,353.93,220,kW
5237,352.36,220,kW
5238,350.78,220,kW
5239,349.21,220,kW
5240,353.2,220,kW
5241,351.62,220,kW
5242,350.05,220,kW
5243,348.48,220,kW
5244,346.91,220,kW
5245,345.33,220,kW
5246,343.76,220,kW
5247,342.52,220,kW
5248,340.61,220,kW
5249,339.04,220,kW
5250,331.9,220,kW
5251,330.33,220,kW
5252,328.76,220,kW
5253,327.18,220,kW
5254,325.61,220,kW
5255,324.04,220,kW
5256,322.46,220,kW
5257,320.89,220,kW
5258,319.32,220,kW
5259,317.75,220,kW
5260,316.17,220,kW
5261,314.6,220,kW
5262,313.03,220,kW
5263,311.45,220,kW
5264,315.44,220,kW
5265,313.87,220,kW
5266,312.29,220,kW
5267,310.72,220,kW
5268,309.15,220,kW
5269,307.57,220,kW
5270,306,220,kW
5271,304.43,220,kW
5272,302.86,220,kW
5273,301.28,220,kW
5274,294.48,220,kW
5275,292.57,220,kW
5276,291,220,kW
5277,289.43,220,kW
5278,287.85,220,kW
5279,286.28,220,kW
5280,284.71,220,kW
5281,283.13,220,kW
5282,281.56,220,kW
5283,279.99,220,kW
5284,292.97,220,kW
5285,320.5,220,kW
5286,348.03,220,kW
5287,375.56,220,kW
5288,378.94,220,kW
5289,347.06,220,kW
5290,315.17,220,kW
5291,283.28,220,kW
5292,251.39,220,kW
5293,219.5,220,kW
5294,94.55,220,kW
5295,203.56,220,kW
5296,226.64,220,kW
5297,272.81,220,kW
5298,290.33,220,kW
5299,290.33,220,kW
5300,290.33,220,kW
5301,290.33,220,kW
5302,339.83,220,kW
5303,389.33,220,kW
5304,389.33,220,kW
5305,389.33,220,kW
5306,389.33,220,kW
5307,389.33,220,kW
5308,389.33,220,kW
5309,389.33,220,kW
5310,389.33,220,kW
5311,389.33,220,kW
5312,394.89,220,kW
5313,394.89,220,kW
5314,394.89,220,kW
5315,395.22,220,kW
5316,394.89,220,kW
5317,394.89,220,kW
5318,394.89,220,kW
5319,394.89,220,kW
5320,394.89,220,kW
5321,394.89,220,kW
5322,389.33,220,kW
5323,389.33,220,kW
5324,389.33,220,kW
5325,389.33,220,kW
5326,389.33,220,kW
5327,389.33,220,kW
5328,389.33,220,kW
5329,389.33,220,kW
5330,389.33,220,kW
5331,389.33,220,kW
5332,389.33,220,kW
5333,389.33,220,kW
5334,389.33,220,kW
5335,389.33,220,kW
5336,394.89,220,kW
5337,394.89,220,kW
5338,394.89,220,kW
5339,394.89,220,kW
5340,394.89,220,kW
5341,395.22,220,kW
5342,394.89,220,kW
5343,394.89,220,kW
5344,394.89,220,kW
5345,394.89,220,kW
5346,389.33,220,kW
5347,389.33,220,kW
5348,389.33,220,kW
5349,389.33,220,kW
5350,389.33,220,kW
5351,389.33,220,kW
5352,389.33,220,kW
5353,389.33,220,kW
5354,389.33,220,kW
5355,389.33,220,kW
5356,389.33,220,kW
5357,389.33,220,kW
5358,389.33,220,kW
5359,389.33,220,kW
5360,394.89,220,kW
5361,394.89,220,kW
5362,394.89,220,kW
5363,394.89,220,kW
5364,394.89,220,kW
5365,394.89,220,kW
5366,394.89,220,kW
5367,394.89,220,kW
5368,395.22,220,kW
5369,394.89,220,kW
5370,389.33,220,kW
5371,389.33,220,kW
5372,389.33,220,kW
5373,389.33,220,kW
5374,389.33,220,kW
5375,389.33,220,kW
5376,389.33,220,kW
5377,389.33,220,kW
5378,389.33,220,kW
5379,389.33,220,kW
5380,389.33,220,kW
5381,389.33,220,kW
5382,389.33,220,kW
5383,389.33,220,kW
5384,394.89,220,kW
5385,394.89,220,kW
5386,394.89,220,kW
5387,394.89,220,kW
5388,394.89,220,kW
5389,394.89,220,kW
5390,394.89,220,kW
5391,394.89,220,kW
5392,394.89,220,kW
5393,394.89,220,kW
5394,389.33,220,kW
5395,389.66,220,kW
5396,389.33,220,kW
5397,389.33,220,kW
5398,389.33,220,kW
5399,389.33,220,kW
5400,389.33,220,kW
5401,389.33,220,kW
5402,389.33,220,kW
5403,389.33,220,kW
5404,389.33,220,kW
5405,389.33,220,kW
5406,389.33,220,kW
5407,389.33,220,kW
5408,394.89,220,kW
5409,394.89,220,kW
5410,394.89,220,kW
5411,394.89,220,kW
5412,394.89,220,kW
5413,394.89,220,kW
5414,394.89,220,kW
5415,394.1,220,kW
5416,392.53,220,kW
5417,390.96,220,kW
5418,383.82,220,kW
5419,382.25,220,kW
5420,380.67,220,kW
5421,379.43,220,kW
5422,377.53,220,kW
5423,375.95,220,kW
5424,374.38,220,kW
5425,372.81,220,kW
5426,371.23,220,kW
5427,369.66,220,kW
5428,368.09,220,kW
5429,366.51,220,kW
5430,364.94,220,kW
5431,363.37,220,kW
5432,367.36,220,kW
5433,365.78,220,kW
5434,364.21,220,kW
5435,362.64,220,kW
5436,361.06,220,kW
5437,359.49,220,kW
5438,357.92,220,kW
5439,356.34,220,kW
5440,354.77,220,kW
5441,353.2,220,kW
5442,346.06,220,kW
5443,344.49,220,kW
5444,342.92,220,kW
5445,341.34,220,kW
5446,339.77,220,kW
5447,338.2,220,kW
5448,336.96,220,kW
5449,335.05,220,kW
5450,333.48,220,kW
5451,331.9,220,kW
5452,330.33,220,kW
5453,328.76,220,kW
5454,327.18,220,kW
5455,325.61,220,kW
5456,329.6,220,kW
5457,328.03,220,kW
5458,326.45,220,kW
5459,324.88,220,kW
5460,323.31,220,kW
5461,321.73,220,kW
5462,320.16,220,kW
5463,318.59,220,kW
5464,317.01,220,kW
5465,315.44,220,kW
5466,308.31,220,kW
5467,306.73,220,kW
5468,305.16,220,kW
5469,303.59,220,kW
5470,302.01,220,kW
5471,300.44,220,kW
5472,298.87,220,kW
5473,297.29,220,kW
5474,295.72,220,kW
5475,294.48,220,kW
5476,292.57,220,kW
5477,291,220,kW
5478,289.43,220,kW
5479,287.85,220,kW
5480,291.84,220,kW
5481,290.27,220,kW
5482,288.7,220,kW
5483,287.12,220,kW
5484,285.55,220,kW
5485,298.53,220,kW
5486,326.06,220,kW
5487,353.59,220,kW
5488,381.12,220,kW
5489,378.94,220,kW
5490,341.49,220,kW
5491,309.61,220,kW
5492,277.72,220,kW
5493,245.83,220,kW
5494,213.94,220,kW
5495,88.99,220,kW
5496,198,220,kW
5497,221.08,220,kW
5498,267.24,220,kW
5499,290.33,220,kW
5500,290.33,220,kW
5501,290.33,220,kW
5502,290.33,220,kW
5503,339.83,220,kW
5504,394.89,220,kW
5505,394.89,220,kW
5506,394.89,220,kW
5507,394.89,220,kW
5508,394.89,220,kW
5509,394.89,220,kW
5510,394.89,220,kW
5511,394.89,220,kW
5512,394.89,220,kW
5513,394.89,220,kW
5514,389.33,220,kW
5515,389.33,220,kW
5516,389.66,220,kW
5517,389.33,220,kW
5518,389.33,220,kW
5519,389.33,220,kW
5520,389.33,220,kW
5521,389.33,220,kW
5522,389.33,220,kW
5523,389.33,220,kW
5524,389.33,220,kW
5525,389.33,220,kW
5526,389.33,220,kW
5527,389.33,220,kW
5528,394.89,220,kW
5529,394.89,220,kW
5530,394.89,220,kW
5531,394.89,220,kW
5532,394.89,220,kW
5533,394.89,220,kW
5534,394.89,220,kW
5535,394.89,220,kW
5536,394.89,220,kW
5537,394.89,220,kW
5538,389.33,220,kW
5539,389.33,220,kW
5540,389.33,220,kW
5541,389.33,220,kW
5542,389.66,220,kW
5543,389.33,220,kW
5544,389.33,220,kW
5545,389.33,220,kW
5546,389.33,220,kW
5547,389.33,220,kW
5548,389.33,220,kW
5549,389.33,220,kW
5550,389.33,220,kW
5551,389.33,220,kW
5552,394.89,220,kW
5553,394.89,220,kW
5554,394.89,220,kW
5555,394.89,220,kW
5556,394.89,220,kW
5557,394.89,220,kW
5558,394.89,220,kW
5559,394.89,220,kW
5560,394.89,220,kW
5561,394.89,220,kW
5562,389.33,220,kW
5563,389.33,221,kW
5564,389.33,221,kW
5565,389.33,221,kW
5566,389.33,221,kW
5567,389.33,221,kW
5568,389.33,221,kW
5569,389.66,221,kW
5570,389.33,221,kW
5571,389.33,221,kW
5572,389.33,221,kW
5573,389.33,221,kW
5574,389.33,221,kW
5575,389.33,221,kW
5576,394.89,221,kW
5577,394.89,221,kW
5578,394.89,221,kW
5579,394.89,221,kW
5580,394.89,221,kW
5581,394.89,221,kW
5582,394.89,221,kW
5583,394.89,221,kW
5584,394.89,221,kW
5585,394.89,221,kW
5586,389.33,221,kW
5587,389.33,221,kW
5588,389.33,221,kW
5589,389.33,221,kW
5590,389.33,221,kW
5591,389.33,221,kW
5592,389.33,221,kW
5593,389.33,221,kW
5594,389.33,221,kW
5595,389.33,221,kW
5596,389.66,221,kW
5597,389.33,221,kW
5598,389.33,221,kW
5599,389.33,221,kW
5600,394.89,221,kW
5601,394.89,221,kW
5602,394.89,221,kW
5603,394.89,221,kW
5604,394.89,221,kW
5605,394.89,221,kW
5606,394.89,221,kW
5607,394.89,221,kW
5608,394.89,221,kW
5609,394.89,221,kW
5610,389.33,221,kW
5611,389.33,221,kW
5612,389.33,221,kW
5613,389.33,221,kW
5614,389.33,221,kW
5615,389.33,221,kW
5616,388.54,221,kW
5617,386.97,221,kW
5618,385.39,221,kW
5619,383.82,221,kW
5620,382.25,221,kW
5621,380.67,221,kW
5622,379.43,221,kW
5623,377.53,221,kW
5624,381.52,221,kW
5625,379.94,221,kW
5626,378.37,221,kW
5627,376.8,221,kW
5628,375.22,221,kW
5629,373.65,221,kW
5630,372.08,221,kW
5631,370.5,221,kW
5632,368.93,221,kW
5633,367.36,221,kW
5634,360.22,221,kW
5635,358.65,221,kW
5636,357.08,221,kW
5637,355.5,221,kW
5638,353.93,221,kW
5639,352.36,221,kW
5640,350.78,221,kW
5641,349.21,221,kW
5642,347.64,221,kW
5643,346.06,221,kW
5644,344.49,221,kW
5645,342.92,221,kW
5646,341.34,221,kW
5647,339.77,221,kW
5648,343.76,221,kW
5649,342.52,221,kW
5650,340.61,221,kW
5651,339.04,221,kW
5652,337.47,221,kW
5653,335.89,221,kW
5654,334.32,221,kW
5655,332.75,221,kW
5656,331.17,221,kW
5657,329.6,221,kW
5658,322.46,221,kW
5659,320.89,221,kW
5660,319.32,221,kW
5661,317.75,221,kW
5662,316.17,221,kW
5663,314.6,221,kW
5664,313.03,221,kW
5665,311.45,221,kW
5666,309.88,221,kW
5667,308.31,221,kW
5668,306.73,221,kW
5669,305.16,221,kW
5670,303.59,221,kW
5671,302.01,221,kW
5672,306,221,kW
5673,304.43,221,kW
5674,302.86,221,kW
5675,301.28,221,kW
5676,300.04,221,kW
5677,298.14,221,kW
5678,296.56,221,kW
5679,294.99,221,kW
5680,293.42,221,kW
5681,291.84,221,kW
5682,284.71,221,kW
5683,283.13,221,kW
5684,281.56,221,kW
5685,279.99,221,kW
5686,292.97,221,kW
5687,320.5,221,kW
5688,348.03,221,kW
5689,375.56,221,kW
5690,373.38,221,kW
5691,341.49,221,kW
5692,309.61,221,kW
5693,277.72,221,kW
5694,245.83,221,kW
5695,213.94,221,kW
5696,94.55,221,kW
5697,203.56,221,kW
5698,226.64,221,kW
5699,272.81,221,kW
5700,295.89,221,kW
5701,295.89,221,kW
5702,295.89,221,kW
5703,295.89,221,kW
5704,345.39,221,kW
5705,394.89,221,kW
5706,389.33,221,kW
5707,389.33,221,kW
5708,389.33,221,kW
5709,389.33,221,kW
5710,389.33,221,kW
5711,389.33,221,kW
5712,389.33,221,kW
5713,389.33,221,kW
5714,389.33,221,kW
5715,389.33,221,kW
5716,389.33,221,kW
5717,389.66,221,kW
5718,389.33,221,kW
5719,389.33,221,kW
5720,394.89,221,kW
5721,394.89,221,kW
5722,394.89,221,kW
5723,394.89,221,kW
5724,394.89,221,kW
5725,394.89,221,kW
5726,394.89,221,kW
5727,394.89,221,kW
5728,394.89,221,kW
5729,394.89,221,kW
5730,389.33,221,kW
5731,389.33,221,kW
5732,389.33,221,kW
5733,389.33,221,kW
5734,389.33,221,kW
5735,389.33,221,kW
5736,389.33,221,kW
5737,389.33,221,kW
5738,389.33,221,kW
5739,389.33,221,kW
5740,389.33,221,kW
5741,389.33,221,kW
5742,389.33,221,kW
5743,389.66,221,kW
5744,394.89,221,kW
5745,394.89,221,kW
5746,394.89,221,kW
5747,394.89,221,kW
5748,394.89,221,kW
5749,394.89,221,kW
5750,394.89,221,kW
5751,394.89,221,kW
5752,394.89,221,kW
5753,394.89,221,kW
5754,389.33,221,kW
5755,389.33,221,kW
5756,389.33,221,kW
5757,389.33,221,kW
5758,389.33,221,kW
5759,389.33,221,kW
5760,389.33,221,kW
5761,389.33,221,kW
5762,389.33,221,kW
5763,389.33,221,kW
5764,389.33,221,kW
5765,389.33,221,kW
5766,389.33,221,kW
5767,389.33,221,kW
5768,394.89,221,kW
5769,394.89,221,kW
5770,395.22,221,kW
5771,394.89,221,kW
5772,394.89,221,kW
5773,394.89,221,kW
5774,394.89,221,kW
5775,394.89,221,kW
5776,394.89,221,kW
5777,394.89,221,kW
5778,389.33,221,kW
5779,389.33,221,kW
5780,389.33,221,kW
5781,389.33,221,kW
5782,389.33,221,kW
5783,389.33,221,kW
5784,389.33,221,kW
5785,389.33,221,kW
5786,389.33,221,kW
5787,389.33,221,kW
5788,389.33,221,kW
5789,389.33,221,kW
5790,389.33,221,kW
5791,389.33,221,kW
5792,394.89,221,kW
5793,394.89,221,kW
5794,394.89,221,kW
5795,394.89,221,kW
5796,394.89,221,kW
5797,395.22,221,kW
5798,394.89,221,kW
5799,394.89,221,kW
5800,394.89,221,kW
5801,394.89,221,kW
5802,389.33,221,kW
5803,389.33,221,kW
5804,389.33,221,kW
5805,389.33,221,kW
5806,389.33,221,kW
5807,389.33,221,kW
5808,389.33,221,kW
5809,389.33,221,kW
5810,389.33,221,kW
5811,389.33,221,kW
5812,389.33,221,kW
5813,389.33,221,kW
5814,389.33,221,kW
5815,389.33,221,kW
5816,394.89,221,kW
5817,394.1,221,kW
5818,392.53,221,kW
5819,390.96,221,kW
5820,389.38,221,kW
5821,387.81,221,kW
5822,386.24,221,kW
5823,385,221,kW
5824,383.09,221,kW
5825,381.52,221,kW
5826,374.38,221,kW
5827,372.81,221,kW
5828,371.23,221,kW
5829,369.66,221,kW
5830,368.09,221,kW
5831,366.51,221,kW
5832,364.94,221,kW
5833,363.37,221,kW
5834,361.8,221,kW
5835,360.22,221,kW
5836,358.65,221,kW
5837,357.08,221,kW
5838,355.5,221,kW
5839,353.93,221,kW
5840,357.92,221,kW
5841,356.34,221,kW
5842,354.77,221,kW
5843,353.2,221,kW
5844,351.62,221,kW
5845,350.05,221,kW
5846,348.48,221,kW
5847,346.91,221,kW
5848,345.33,221,kW
5849,343.76,221,kW
5850,336.96,221,kW
5851,335.05,221,kW
5852,333.48,221,kW
5853,331.9,221,kW
5854,330.33,221,kW
5855,328.76,221,kW
5856,327.18,221,kW
5857,325.61,221,kW
5858,324.04,221,kW
5859,322.46,221,kW
5860,320.89,221,kW
5861,319.32,221,kW
5862,317.75,221,kW
5863,316.17,221,kW
5864,320.16,221,kW
5865,318.59,221,kW
5866,317.01,221,kW
5867,315.44,221,kW
5868,313.87,221,kW
5869,312.29,221,kW
5870,310.72,221,kW
5871,309.15,221,kW
5872,307.57,221,kW
5873,306,221,kW
5874,298.87,221,kW
5875,297.29,221,kW
5876,295.72,221,kW
5877,294.48,221,kW
5878,292.57,221,kW
5879,291,221,kW
5880,289.43,221,kW
5881,287.85,221,kW
5882,286.28,221,kW
5883,284.71,221,kW
5884,283.13,221,kW
5885,281.56,221,kW
5886,279.99,221,kW
5887,292.97,221,kW
5888,326.06,221,kW
5889,353.59,221,kW
5890,381.12,221,kW
5891,378.94,221,kW
5892,347.06,221,kW
5893,315.17,221,kW
5894,283.28,221,kW
5895,251.39,221,kW
5896,219.5,221,kW
5897,94.55,221,kW
5898,198,221,kW
5899,221.08,221,kW
5900,267.24,221,kW
5901,290.33,221,kW
5902,290.33,221,kW
5903,290.33,221,kW
5904,290.33,221,kW
5905,339.83,221,kW
5906,389.33,221,kW
5907,389.33,221,kW
5908,389.33,221,kW
5909,389.33,221,kW
5910,389.33,221,kW
5911,389.33,221,kW
5912,394.89,221,kW
5913,394.89,221,kW
5914,394.89,221,kW
5915,394.89,221,kW
5916,394.89,221,kW
5917,394.89,221,kW
5918,395.22,221,kW
5919,394.89,221,kW
5920,394.89,221,kW
5921,394.89,221,kW
5922,389.33,221,kW
5923,389.33,221,kW
5924,389.33,221,kW
5925,389.33,221,kW
5926,389.33,221,kW
5927,389.33,221,kW
5928,389.33,221,kW
5929,389.33,221,kW
5930,389.33,221,kW
5931,389.33,221,kW
5932,389.33,221,kW
5933,389.33,221,kW
5934,389.33,221,kW
5935,389.33,221,kW
5936,394.89,221,kW
5937,394.89,221,kW
5938,394.89,221,kW
5939,394.89,221,kW
5940,394.89,221,kW
5941,394.89,221,kW
5942,394.89,221,kW
5943,394.89,221,kW
5944,395.22,221,kW
5945,394.89,221,kW
5946,389.33,221,kW
5947,389.33,221,kW
5948,389.33,221,kW
5949,389.33,221,kW
5950,389.33,221,kW
5951,389.33,221,kW
5952,389.33,221,kW
5953,389.33,221,kW
5954,389.33,221,kW
5955,389.33,221,kW
5956,389.33,221,kW
5957,389.33,221,kW
5958,389.33,221,kW
5959,389.33,221,kW
5960,394.89,221,kW
5961,394.89,221,kW
5962,394.89,221,kW
5963,394.89,221,kW
5964,394.89,221,kW
5965,394.89,221,kW
5966,394.89,221,kW
5967,394.89,221,kW
5968,394.89,221,kW
5969,394.89,221,kW
5970,389.33,221,kW
5971,389.66,223,kW
5972,389.33,223,kW
5973,389.33,223,kW
5974,389.33,223,kW
5975,389.33,223,kW
5976,389.33,223,kW
5977,389.33,223,kW
5978,389.33,223,kW
5979,389.33,223,kW
5980,389.33,223,kW
5981,389.33,223,kW
5982,389.33,223,kW
5983,389.33,223,kW
5984,394.89,223,kW
5985,394.89,223,kW
5986,394.89,223,kW
5987,394.89,223,kW
5988,394.89,223,kW
5989,394.89,223,kW
5990,394.89,223,kW
5991,394.89,223,kW
5992,394.89,223,kW
5993,394.89,223,kW
5994,389.33,223,kW
5995,389.33,223,kW
5996,389.33,223,kW
5997,389.33,223,kW
5998,389.66,223,kW
5999,389.33,223,kW
6000,389.33,223,kW
6001,389.33,223,kW
6002,389.33,223,kW
6003,389.33,223,kW
6004,389.33,223,kW
6005,389.33,223,kW
6006,389.33,223,kW
6007,389.33,223,kW
6008,394.89,223,kW
6009,394.89,223,kW
6010,394.89,223,kW
6011,394.89,223,kW
6012,394.89,223,kW
6013,394.89,223,kW
6014,394.89,223,kW
6015,394.89,223,kW
6016,394.89,223,kW
6017,394.89,223,kW
6018,388.54,223,kW
6019,386.97,223,kW
6020,385.39,223,kW
6021,383.82,223,kW
6022,382.25,223,kW
6023,380.67,223,kW
6024,379.43,223,kW
6025,377.53,223,kW
6026,375.95,223,kW
6027,374.38,223,kW
6028,372.81,223,kW
6029,371.23,223,kW
6030,369.66,223,kW
6031,368.09,223,kW
6032,372.08,223,kW
6033,370.5,223,kW
6034,368.93,223,kW
6035,367.36,223,kW
6036,365.78,223,kW
6037,364.21,223,kW
6038,362.64,223,kW
6039,361.06,223,kW
6040,359.49,223,kW
6041,357.92,223,kW
6042,350.78,223,kW
6043,349.21,223,kW
6044,347.64,223,kW
6045,346.06,223,kW
6046,344.49,223,kW
6047,342.92,223,kW
6048,341.34,223,kW
6049,339.77,223,kW
6050,338.2,223,kW
6051,336.96,223,kW
6052,335.05,223,kW
6053,333.48,223,kW
6054,331.9,223,kW
6055,330.33,223,kW
6056,334.32,223,kW
6057,332.75,223,kW
6058,331.17,223,kW
6059,329.6,223,kW
6060,328.03,223,kW
6061,326.45,223,kW
6062,324.88,223,kW
6063,323.31,223,kW
6064,321.73,223,kW
6065,320.16,223,kW
6066,313.03,223,kW
6067,311.45,223,kW
6068,309.88,223,kW
6069,308.31,223,kW
6070,306.73,223,kW
6071,305.16,223,kW
6072,303.59,223,kW
6073,302.01,223,kW
6074,300.44,223,kW
6075,298.87,223,kW
6076,297.29,223,kW
6077,295.72,223,kW
6078,294.48,223,kW
6079,292.57,223,kW
6080,296.56,223,kW
6081,294.99,223,kW
6082,293.42,223,kW
6083,291.84,223,kW
6084,290.27,223,kW
6085,288.7,223,kW
6086,287.12,223,kW
6087,285.55,223,kW
6088,298.53,223,kW
6089,326.06,223,kW
6090,348.03,223,kW
6091,375.56,223,kW
6092,373.38,223,kW
6093,341.49,223,kW
6094,309.61,223,kW
6095,277.72,223,kW
6096,245.83,223,kW
6097,213.94,223,kW
6098,88.99,223,kW
6099,88.99,223,kW
6100,88.99,223,kW
6101,88.99,223,kW
6102,88.99,223,kW
6103,88.99,223,kW
6104,94.55,223,kW
6105,94.55,223,kW
6106,94.55,223,kW
6107,94.55,223,kW
6108,94.55,223,kW
6109,94.55,223,kW
6110,94.55,223,kW
6111,94.55,223,kW
6112,94.55,223,kW
6113,94.55,223,kW
6114,88.99,223,kW
6115,88.99,223,kW
6116,88.99,223,kW
6117,88.99,223,kW
6118,88.99,223,kW
6119,88.99,223,kW
6120,88.99,223,kW
6121,88.99,223,kW
6122,88.99,223,kW
6123,88.99,223,kW
6124,88.99,223,kW
6125,88.99,223,kW
6126,88.99,223,kW
6127,88.99,223,kW
6128,94.55,223,kW
6129,94.55,223,kW
6130,94.55,223,kW
6131,94.55,223,kW
6132,94.55,223,kW
6133,94.55,223,kW
6134,94.55,223,kW
6135,94.55,223,kW
6136,94.55,223,kW
6137,94.55,223,kW
6138,88.99,223,kW
6139,88.99,223,kW
6140,88.99,223,kW
6141,88.99,223,kW
6142,88.99,223,kW
6143,88.99,223,kW
6144,88.99,223,kW
6145,88.99,223,kW
6146,88.99,223,kW
6147,88.99,223,kW
6148,88.99,223,kW
6149,88.99,223,kW
6150,88.99,223,kW
6151,88.99,223,kW
6152,94.55,223,kW
6153,94.55,223,kW
6154,94.55,223,kW
6155,94.55,223,kW
6156,94.55,223,kW
6157,94.55,223,kW
6158,94.55,223,kW
6159,94.55,223,kW
6160,94.55,223,kW
6161,94.55,223,kW
6162,88.99,223,kW
6163,88.99,223,kW
6164,88.99,223,kW
6165,88.99,223,kW
6166,88.99,223,kW
6167,88.99,223,kW
6168,88.99,223,kW
6169,88.99,223,kW
6170,88.99,223,kW
6171,88.99,223,kW
6172,88.99,223,kW
6173,88.99,223,kW
6174,88.99,223,kW
6175,88.99,223,kW
6176,94.55,223,kW
6177,94.55,223,kW
6178,94.55,223,kW
6179,94.55,223,kW
6180,94.55,223,kW
6181,94.55,223,kW
6182,94.55,223,kW
6183,94.55,223,kW
6184,94.55,223,kW
6185,94.55,223,kW
6186,88.99,223,kW
6187,88.99,223,kW
6188,88.99,223,kW
6189,88.99,223,kW
6190,88.99,223,kW
6191,88.99,223,kW
6192,88.99,223,kW
6193,88.99,223,kW
6194,88.99,223,kW
6195,88.99,223,kW
6196,88.99,223,kW
6197,88.99,223,kW
6198,88.99,223,kW
6199,88.99,223,kW
6200,88.99,223,kW
6201,88.99,223,kW
6202,88.99,223,kW
6203,88.99,223,kW
6204,88.99,223,kW
6205,88.99,223,kW
6206,88.99,223,kW
6207,88.99,223,kW
6208,88.99,223,kW
6209,88.99,223,kW
6210,88.99,223,kW
6211,88.99,223,kW
6212,88.99,223,kW
6213,88.99,223,kW
6214,88.99,223,kW
6215,88.99,223,kW
6216,88.99,223,kW
6217,88.99,223,kW
6218,88.99,223,kW
6219,88.99,223,kW
6220,88.99,223,kW
6221,88.99,223,kW
6222,88.99,223,kW
6223,88.99,223,kW
6224,88.99,223,kW
6225,88.99,223,kW
6226,88.99,223,kW
6227,88.99,223,kW
6228,88.99,223,kW
6229,88.99,223,kW
6230,88.99,223,kW
6231,88.99,223,kW
6232,88.99,223,kW
6233,88.99,223,kW
6234,88.99,223,kW
6235,88.99,223,kW
6236,88.99,223,kW
6237,88.99,223,kW
6238,88.99,223,kW
6239,88.99,223,kW
6240,88.99,223,kW
6241,88.99,223,kW
6242,88.99,223,kW
6243,88.99,223,kW
6244,88.99,223,kW
6245,88.99,223,kW
6246,88.99,223,kW
6247,88.99,223,kW
6248,88.99,223,kW
6249,88.99,223,kW
6250,88.99,223,kW
6251,88.99,223,kW
6252,88.99,223,kW
6253,88.99,223,kW
6254,88.99,223,kW
6255,88.99,223,kW
6256,88.99,223,kW
6257,88.99,223,kW
6258,88.99,223,kW
6259,88.99,223,kW
6260,88.99,223,kW
6261,88.99,223,kW
6262,88.99,223,kW
6263,88.99,223,kW
6264,198,223,kW
6265,221.08,223,kW
6266,267.24,223,kW
6267,290.33,223,kW
6268,290.33,223,kW
6269,290.33,223,kW
6270,290.33,223,kW
6271,339.83,223,kW
6272,394.89,223,kW
6273,394.89,223,kW
6274,394.89,223,kW
6275,394.89,223,kW
6276,394.89,223,kW
6277,394.89,223,kW
6278,394.89,223,kW
6279,394.89,223,kW
6280,394.89,223,kW
6281,394.89,223,kW
6282,389.33,223,kW
6283,389.33,223,kW
6284,389.66,223,kW
6285,389.33,223,kW
6286,389.33,223,kW
6287,389.33,223,kW
6288,389.33,223,kW
6289,389.33,223,kW
6290,389.33,223,kW
6291,389.33,223,kW
6292,389.33,223,kW
6293,389.33,223,kW
6294,389.33,223,kW
6295,389.33,223,kW
6296,394.89,223,kW
6297,394.89,223,kW
6298,394.89,223,kW
6299,394.89,223,kW
6300,394.89,223,kW
6301,394.89,223,kW
6302,394.89,223,kW
6303,394.89,223,kW
6304,394.89,223,kW
6305,394.89,223,kW
6306,389.33,223,kW
6307,389.33,223,kW
6308,389.33,223,kW
6309,389.33,223,kW
6310,389.66,223,kW
6311,389.33,223,kW
6312,389.33,223,kW
6313,389.33,223,kW
6314,389.33,223,kW
6315,389.33,223,kW
6316,389.33,223,kW
6317,389.33,223,kW
6318,389.33,223,kW
6319,389.33,223,kW
6320,394.89,223,kW
6321,394.89,223,kW
6322,394.89,223,kW
6323,394.89,223,kW
6324,394.89,223,kW
6325,394.89,223,kW
6326,394.89,223,kW
6327,394.89,223,kW
6328,394.89,223,kW
6329,394.89,223,kW
6330,389.33,223,kW
6331,389.33,223,kW
6332,389.33,223,kW
6333,389.33,223,kW
6334,389.33,223,kW
6335,389.33,223,kW
6336,389.33,223,kW
6337,389.66,223,kW
6338,389.33,223,kW
6339,389.33,223,kW
6340,389.33,223,kW
6341,389.33,223,kW
6342,389.33,223,kW
6343,389.33,223,kW
6344,394.89,223,kW
6345,394.89,223,kW
6346,394.89,223,kW
6347,394.89,223,kW
6348,394.89,223,kW
6349,394.89,223,kW
6350,394.89,223,kW
6351,394.89,223,kW
6352,394.89,223,kW
6353,394.89,223,kW
6354,389.33,223,kW
6355,389.33,223,kW
6356,389.33,223,kW
6357,389.33,223,kW
6358,389.33,223,kW
6359,389.33,223,kW
6360,389.33,223,kW
6361,389.33,223,kW
6362,389.33,223,kW
6363,389.33,223,kW
6364,389.66,223,kW
6365,389.33,223,kW
6366,389.33,223,kW
6367,389.33,223,kW
6368,394.89,223,kW
6369,394.89,223,kW
6370,394.89,223,kW
6371,394.89,223,kW
6372,394.89,223,kW
6373,394.89,223,kW
6374,394.89,223,kW
6375,394.89,223,kW
6376,394.89,223,kW
6377,394.89,223,kW
6378,389.33,223,kW
6379,389.33,223,kW
6380,389.33,223,kW
6381,389.33,223,kW
6382,389.33,223,kW
6383,389.33,223,kW
6384,388.54,223,kW
6385,386.97,223,kW
6386,385.39,223,kW
6387,383.82,223,kW
6388,382.25,223,kW
6389,380.67,223,kW
6390,379.43,223,kW
6391,377.53,223,kW
6392,381.52,223,kW
6393,379.94,223,kW
6394,378.37,223,kW
6395,376.8,223,kW
6396,375.22,223,kW
6397,373.65,223,kW
6398,372.08,223,kW
6399,370.5,223,kW
6400,368.93,223,kW
6401,367.36,223,kW
6402,360.22,223,kW
6403,358.65,223,kW
6404,357.08,223,kW
6405,355.5,223,kW
6406,353.93,223,kW
6407,352.36,223,kW
6408,350.78,223,kW
6409,349.21,223,kW
6410,347.64,223,kW
6411,346.06,223,kW
6412,344.49,223,kW
6413,342.92,223,kW
6414,341.34,223,kW
6415,339.77,223,kW
6416,343.76,223,kW
6417,342.52,223,kW
6418,340.61,223,kW
6419,339.04,223,kW
6420,337.47,223,kW
6421,335.89,223,kW
6422,334.32,223,kW
6423,332.75,223,kW
6424,331.17,223,kW
6425,329.6,223,kW
6426,322.46,223,kW
6427,320.89,223,kW
6428,319.32,223,kW
6429,317.75,223,kW
6430,316.17,223,kW
6431,314.6,223,kW
6432,313.03,223,kW
6433,311.45,223,kW
6434,309.88,223,kW
6435,308.31,223,kW
6436,306.73,223,kW
6437,305.16,223,kW
6438,303.59,223,kW
6439,302.01,223,kW
6440,306,223,kW
6441,304.43,223,kW
6442,302.86,223,kW
6443,301.28,223,kW
6444,300.04,223,kW
6445,298.14,223,kW
6446,296.56,223,kW
6447,294.99,223,kW
6448,293.42,223,kW
6449,291.84,223,kW
6450,284.71,223,kW
6451,283.13,223,kW
6452,281.56,223,kW
6453,279.99,224,kW
6454,292.97,224,kW
6455,320.5,224,kW
6456,348.03,224,kW
6457,375.56,224,kW
6458,373.38,224,kW
6459,341.49,224,kW
6460,309.61,224,kW
6461,277.72,224,kW
6462,245.83,224,kW
6463,213.94,224,kW
6464,94.55,224,kW
6465,94.55,224,kW
6466,94.55,224,kW
6467,94.55,224,kW
6468,94.55,224,kW
6469,94.55,224,kW
6470,94.55,224,kW
6471,94.55,224,kW
6472,94.55,224,kW
6473,94.55,224,kW
6474,88.99,224,kW
6475,88.99,224,kW
6476,88.99,224,kW
6477,88.99,224,kW
6478,88.99,224,kW
6479,88.99,224,kW
6480,88.99,224,kW
6481,88.99,224,kW
6482,88.99,224,kW
6483,88.99,224,kW
6484,88.99,224,kW
6485,88.99,224,kW
6486,88.99,224,kW
6487,88.99,224,kW
6488,94.55,224,kW
6489,94.55,224,kW
6490,94.55,224,kW
6491,94.55,224,kW
6492,94.55,224,kW
6493,94.55,224,kW
6494,94.55,224,kW
6495,94.55,224,kW
6496,94.55,224,kW
6497,94.55,224,kW
6498,88.99,224,kW
6499,88.99,224,kW
6500,88.99,224,kW
6501,88.99,224,kW
6502,88.99,224,kW
6503,88.99,224,kW
6504,88.99,224,kW
6505,88.99,224,kW
6506,88.99,224,kW
6507,88.99,224,kW
6508,88.99,224,kW
6509,88.99,224,kW
6510,88.99,224,kW
6511,88.99,224,kW
6512,94.55,224,kW
6513,94.55,224,kW
6514,94.55,224,kW
6515,94.55,224,kW
6516,94.55,224,kW
6517,94.55,224,kW
6518,94.55,224,kW
6519,94.55,224,kW
6520,94.55,224,kW
6521,94.55,224,kW
6522,88.99,224,kW
6523,88.99,224,kW
6524,88.99,224,kW
6525,88.99,224,kW
6526,88.99,224,kW
6527,88.99,224,kW
6528,88.99,224,kW
6529,88.99,224,kW
6530,88.99,224,kW
6531,88.99,224,kW
6532,88.99,224,kW
6533,88.99,224,kW
6534,88.99,224,kW
6535,88.99,224,kW
6536,94.55,224,kW
6537,94.55,224,kW
6538,94.55,224,kW
6539,94.55,224,kW
6540,94.55,224,kW
6541,94.55,224,kW
6542,94.55,224,kW
6543,94.55,224,kW
6544,94.55,224,kW
6545,94.55,224,kW
6546,88.99,224,kW
6547,88.99,224,kW
6548,88.99,224,kW
6549,88.99,224,kW
6550,88.99,224,kW
6551,88.99,224,kW
6552,88.99,224,kW
6553,88.99,224,kW
6554,88.99,224,kW
6555,88.99,224,kW
6556,88.99,224,kW
6557,88.99,224,kW
6558,88.99,224,kW
6559,88.99,224,kW
6560,94.55,224,kW
6561,94.55,224,kW
6562,94.55,224,kW
6563,94.55,224,kW
6564,94.55,224,kW
6565,94.55,224,kW
6566,94.55,224,kW
6567,94.55,224,kW
6568,94.55,224,kW
6569,94.55,224,kW
6570,88.99,224,kW
6571,88.99,224,kW
6572,88.99,224,kW
6573,88.99,224,kW
6574,88.99,224,kW
6575,88.99,224,kW
6576,88.99,224,kW
6577,88.99,224,kW
6578,88.99,224,kW
6579,88.99,224,kW
6580,88.99,224,kW
6581,88.99,224,kW
6582,88.99,224,kW
6583,88.99,224,kW
6584,88.99,224,kW
6585,88.99,224,kW
6586,88.99,224,kW
6587,88.99,224,kW
6588,88.99,224,kW
6589,88.99,224,kW
6590,88.99,224,kW
6591,88.99,224,kW
6592,88.99,224,kW
6593,88.99,224,kW
6594,88.99,224,kW
6595,88.99,224,kW
6596,88.99,224,kW
6597,88.99,224,kW
6598,88.99,224,kW
6599,88.99,224,kW
6600,88.99,224,kW
6601,88.99,224,kW
6602,88.99,224,kW
6603,88.99,224,kW
6604,88.99,224,kW
6605,88.99,224,kW
6606,88.99,224,kW
6607,88.99,224,kW
6608,88.99,224,kW
6609,88.99,224,kW
6610,88.99,224,kW
6611,88.99,224,kW
6612,88.99,224,kW
6613,88.99,224,kW
6614,88.99,224,kW
6615,88.99,224,kW
6616,88.99,224,kW
6617,88.99,224,kW
6618,88.99,224,kW
6619,88.99,224,kW
6620,88.99,224,kW
6621,88.99,224,kW
6622,88.99,224,kW
6623,88.99,224,kW
6624,88.99,224,kW
6625,88.99,224,kW
6626,88.99,224,kW
6627,88.99,224,kW
6628,88.99,224,kW
6629,88.99,224,kW
6630,88.99,224,kW
6631,88.99,224,kW
6632,88.99,224,kW
6633,88.99,224,kW
6634,88.99,224,kW
6635,88.99,224,kW
6636,88.99,224,kW
6637,88.99,224,kW
6638,88.99,224,kW
6639,88.99,224,kW
6640,88.99,224,kW
6641,88.99,224,kW
6642,88.99,224,kW
6643,88.99,224,kW
6644,88.99,224,kW
6645,88.99,224,kW
6646,88.99,224,kW
6647,88.99,224,kW
6648,88.99,224,kW
6649,88.99,224,kW
6650,88.99,224,kW
6651,88.99,224,kW
6652,88.99,224,kW
6653,88.99,224,kW
6654,88.99,224,kW
6655,88.99,224,kW
6656,88.99,224,kW
6657,88.99,224,kW
6658,88.99,224,kW
6659,88.99,224,kW
6660,88.99,224,kW
6661,88.99,224,kW
6662,88.99,224,kW
6663,88.99,224,kW
6664,88.99,224,kW
6665,88.99,224,kW
6666,88.99,224,kW
6667,88.99,224,kW
6668,88.99,224,kW
6669,88.99,224,kW
6670,88.99,224,kW
6671,88.99,224,kW
6672,88.99,224,kW
6673,88.99,224,kW
6674,88.99,224,kW
6675,88.99,224,kW
6676,88.99,224,kW
6677,88.99,224,kW
6678,88.99,224,kW
6679,88.99,224,kW
6680,88.99,224,kW
6681,88.99,224,kW
6682,88.99,224,kW
6683,88.99,224,kW
6684,88.99,224,kW
6685,88.99,224,kW
6686,88.99,224,kW
6687,88.99,224,kW
6688,88.99,224,kW
6689,88.99,224,kW
6690,88.99,224,kW
6691,88.99,224,kW
6692,88.99,224,kW
6693,88.99,224,kW
6694,88.99,224,kW
6695,88.99,224,kW
6696,88.99,224,kW
6697,88.99,224,kW
6698,88.99,224,kW
6699,88.99,224,kW
6700,88.99,224,kW
6701,88.99,224,kW
6702,88.99,224,kW
6703,88.99,224,kW
6704,88.99,224,kW
6705,88.99,224,kW
6706,88.99,224,kW
6707,88.99,224,kW
6708,88.99,224,kW
6709,88.99,224,kW
6710,88.99,224,kW
6711,88.99,224,kW
6712,88.99,224,kW
6713,88.99,224,kW
6714,88.99,224,kW
6715,88.99,224,kW
6716,88.99,224,kW
6717,88.99,224,kW
6718,88.99,224,kW
6719,88.99,224,kW
6720,88.99,224,kW
6721,88.99,224,kW
6722,88.99,224,kW
6723,88.99,224,kW
6724,88.99,224,kW
6725,88.99,224,kW
6726,88.99,224,kW
6727,88.99,224,kW
6728,88.99,224,kW
6729,88.99,224,kW
6730,88.99,224,kW
6731,88.99,224,kW
6732,88.99,224,kW
6733,88.99,224,kW
6734,88.99,224,kW
6735,88.99,224,kW
6736,88.99,224,kW
6737,88.99,224,kW
6738,88.99,224,kW
6739,88.99,224,kW
6740,88.99,224,kW
6741,88.99,224,kW
6742,88.99,224,kW
6743,88.99,224,kW
6744,198,224,kW
6745,221.08,224,kW
6746,267.24,224,kW
6747,290.33,224,kW
6748,290.33,224,kW
6749,290.33,224,kW
6750,290.33,224,kW
6751,339.83,224,kW
6752,394.89,224,kW
6753,394.89,224,kW
6754,394.89,224,kW
6755,394.89,224,kW
6756,394.89,224,kW
6757,394.89,224,kW
6758,394.89,224,kW
6759,394.89,224,kW
6760,394.89,224,kW
6761,394.89,224,kW
6762,389.33,224,kW
6763,389.33,224,kW
6764,389.66,224,kW
6765,389.33,224,kW
6766,389.33,224,kW
6767,389.33,224,kW
6768,389.33,224,kW
6769,389.33,224,kW
6770,389.33,224,kW
6771,389.33,224,kW
6772,389.33,224,kW
6773,389.33,224,kW
6774,389.33,224,kW
6775,389.33,224,kW
6776,394.89,224,kW
6777,394.89,224,kW
6778,394.89,224,kW
6779,394.89,224,kW
6780,394.89,224,kW
6781,394.89,224,kW
6782,394.89,224,kW
6783,394.89,224,kW
6784,394.89,224,kW
6785,394.89,224,kW
6786,389.33,224,kW
6787,389.33,224,kW
6788,389.33,224,kW
6789,389.33,224,kW
6790,389.66,224,kW
6791,389.33,224,kW
6792,389.33,224,kW
6793,389.33,224,kW
6794,389.33,225,kW
6795,389.33,225,kW
6796,389.33,225,kW
6797,389.33,225,kW
6798,389.33,225,kW
6799,389.33,225,kW
6800,394.89,225,kW
6801,394.89,225,kW
6802,394.89,225,kW
6803,394.89,225,kW
6804,394.89,225,kW
6805,394.89,225,kW
6806,394.89,225,kW
6807,394.89,225,kW
6808,394.89,225,kW
6809,394.89,225,kW
6810,389.33,225,kW
6811,389.33,225,kW
6812,389.33,225,kW
6813,389.33,225,kW
6814,389.33,225,kW
6815,389.33,225,kW
6816,389.33,225,kW
6817,389.66,225,kW
6818,389.33,225,kW
6819,389.33,225,kW
6820,389.33,225,kW
6821,389.33,225,kW
6822,389.33,225,kW
6823,389.33,225,kW
6824,394.89,225,kW
6825,394.89,225,kW
6826,394.89,225,kW
6827,394.89,225,kW
6828,394.89,225,kW
6829,394.89,225,kW
6830,394.89,225,kW
6831,394.89,225,kW
6832,394.89,225,kW
6833,394.89,225,kW
6834,389.33,225,kW
6835,389.33,225,kW
6836,389.33,225,kW
6837,389.33,225,kW
6838,389.33,225,kW
6839,389.33,225,kW
6840,389.33,225,kW
6841,389.33,225,kW
6842,389.33,225,kW
6843,389.33,225,kW
6844,389.66,225,kW
6845,389.33,225,kW
6846,389.33,225,kW
6847,389.33,225,kW
6848,394.89,225,kW
6849,394.89,225,kW
6850,394.89,225,kW
6851,394.89,225,kW
6852,394.89,225,kW
6853,394.89,225,kW
6854,394.89,225,kW
6855,394.89,225,kW
6856,394.89,225,kW
6857,394.89,225,kW
6858,389.33,225,kW
6859,389.33,225,kW
6860,389.33,225,kW
6861,389.33,225,kW
6862,389.33,225,kW
6863,389.33,225,kW
6864,388.54,225,kW
6865,386.97,225,kW
6866,385.39,225,kW
6867,383.82,225,kW
6868,382.25,225,kW
6869,380.67,225,kW
6870,379.43,225,kW
6871,377.53,225,kW
6872,381.52,225,kW
6873,379.94,225,kW
6874,378.37,225,kW
6875,376.8,225,kW
6876,375.22,225,kW
6877,373.65,225,kW
6878,372.08,225,kW
6879,370.5,225,kW
6880,368.93,225,kW
6881,367.36,225,kW
6882,360.22,225,kW
6883,358.65,225,kW
6884,357.08,225,kW
6885,355.5,225,kW
6886,353.93,225,kW
6887,352.36,225,kW
6888,350.78,225,kW
6889,349.21,225,kW
6890,347.64,225,kW
6891,346.06,225,kW
6892,344.49,225,kW
6893,342.92,225,kW
6894,341.34,225,kW
6895,339.77,225,kW
6896,343.76,225,kW
6897,342.52,225,kW
6898,340.61,225,kW
6899,339.04,225,kW
6900,337.47,225,kW
6901,335.89,225,kW
6902,334.32,225,kW
6903,332.75,225,kW
6904,331.17,225,kW
6905,329.6,225,kW
6906,322.46,225,kW
6907,320.89,225,kW
6908,319.32,225,kW
6909,317.75,225,kW
6910,316.17,225,kW
6911,314.6,225,kW
6912,313.03,225,kW
6913,311.45,225,kW
6914,309.88,225,kW
6915,308.31,225,kW
6916,306.73,225,kW
6917,305.16,225,kW
6918,303.59,225,kW
6919,302.01,225,kW
6920,306,225,kW
6921,304.43,225,kW
6922,302.86,225,kW
6923,301.28,225,kW
6924,300.04,225,kW
6925,298.14,225,kW
6926,296.56,225,kW
6927,294.99,225,kW
6928,293.42,225,kW
6929,291.84,225,kW
6930,284.71,225,kW
6931,283.13,225,kW
6932,281.56,225,kW
6933,279.99,225,kW
6934,292.97,225,kW
6935,320.5,225,kW
6936,348.03,225,kW
6937,375.56,225,kW
6938,373.38,225,kW
6939,341.49,225,kW
6940,309.61,225,kW
6941,277.72,225,kW
6942,245.83,225,kW
6943,213.94,225,kW
6944,94.55,225,kW
6945,203.56,225,kW
6946,226.64,225,kW
6947,272.81,225,kW
6948,295.89,225,kW
6949,295.89,225,kW
6950,295.89,225,kW
6951,295.89,225,kW
6952,345.39,225,kW
6953,394.89,225,kW
6954,389.33,225,kW
6955,389.33,225,kW
6956,389.33,225,kW
6957,389.33,225,kW
6958,389.33,225,kW
6959,389.33,225,kW
6960,389.33,225,kW
6961,389.33,225,kW
6962,389.33,225,kW
6963,389.33,225,kW
6964,389.33,225,kW
6965,389.66,225,kW
6966,389.33,225,kW
6967,389.33,225,kW
6968,394.89,225,kW
6969,394.89,225,kW
6970,394.89,225,kW
6971,394.89,225,kW
6972,394.89,225,kW
6973,394.89,225,kW
6974,394.89,225,kW
6975,394.89,225,kW
6976,394.89,225,kW
6977,394.89,225,kW
6978,389.33,225,kW
6979,389.33,225,kW
6980,389.33,225,kW
6981,389.33,225,kW
6982,389.33,225,kW
6983,389.33,225,kW
6984,389.33,225,kW
6985,389.33,225,kW
6986,389.33,225,kW
6987,389.33,225,kW
6988,389.33,225,kW
6989,389.33,225,kW
6990,389.33,225,kW
6991,389.66,225,kW
6992,394.89,225,kW
6993,394.89,225,kW
6994,394.89,225,kW
6995,394.89,225,kW
6996,394.89,225,kW
6997,394.89,225,kW
6998,394.89,225,kW
6999,394.89,225,kW
7000,394.89,225,kW
7001,394.89,225,kW
7002,389.33,225,kW
7003,389.33,225,kW
7004,389.33,225,kW
7005,389.33,225,kW
7006,389.33,225,kW
7007,389.33,225,kW
7008,389.33,225,kW
7009,389.33,225,kW
7010,389.33,225,kW
7011,389.33,225,kW
7012,389.33,225,kW
7013,389.33,225,kW
7014,389.33,225,kW
7015,389.33,225,kW
7016,394.89,225,kW
7017,394.89,225,kW
7018,395.22,225,kW
7019,394.89,225,kW
7020,394.89,225,kW
7021,394.89,225,kW
7022,394.89,225,kW
7023,394.89,225,kW
7024,394.89,225,kW
7025,394.89,225,kW
7026,389.33,225,kW
7027,389.33,225,kW
7028,389.33,225,kW
7029,389.33,225,kW
7030,389.33,225,kW
7031,389.33,225,kW
7032,389.33,225,kW
7033,389.33,225,kW
7034,389.33,225,kW
7035,389.33,225,kW
7036,389.33,225,kW
7037,389.33,225,kW
7038,389.33,225,kW
7039,389.33,225,kW
7040,394.89,225,kW
7041,394.89,225,kW
7042,394.89,225,kW
7043,394.89,225,kW
7044,394.89,225,kW
7045,395.22,225,kW
7046,394.89,225,kW
7047,394.89,225,kW
7048,394.89,225,kW
7049,394.89,225,kW
7050,389.33,225,kW
7051,389.33,225,kW
7052,389.33,225,kW
7053,389.33,225,kW
7054,389.33,225,kW
7055,389.33,225,kW
7056,389.33,225,kW
7057,389.33,225,kW
7058,389.33,225,kW
7059,389.33,225,kW
7060,389.33,225,kW
7061,389.33,225,kW
7062,389.33,225,kW
7063,389.33,225,kW
7064,394.89,225,kW
7065,394.1,225,kW
7066,392.53,225,kW
7067,390.96,225,kW
7068,389.38,225,kW
7069,387.81,225,kW
7070,386.24,225,kW
7071,385,225,kW
7072,383.09,225,kW
7073,381.52,225,kW
7074,374.38,225,kW
7075,372.81,225,kW
7076,371.23,225,kW
7077,369.66,225,kW
7078,368.09,225,kW
7079,366.51,225,kW
7080,364.94,225,kW
7081,363.37,225,kW
7082,361.8,225,kW
7083,360.22,225,kW
7084,358.65,225,kW
7085,357.08,225,kW
7086,355.5,225,kW
7087,353.93,225,kW
7088,357.92,225,kW
7089,356.34,225,kW
7090,354.77,225,kW
7091,353.2,225,kW
7092,351.62,225,kW
7093,350.05,225,kW
7094,348.48,225,kW
7095,346.91,225,kW
7096,345.33,225,kW
7097,343.76,225,kW
7098,336.96,225,kW
7099,335.05,225,kW
7100,333.48,225,kW
7101,331.9,225,kW
7102,330.33,225,kW
7103,328.76,225,kW
7104,327.18,225,kW
7105,325.61,225,kW
7106,324.04,225,kW
7107,322.46,225,kW
7108,320.89,225,kW
7109,319.32,225,kW
7110,317.75,225,kW
7111,316.17,225,kW
7112,320.16,225,kW
7113,318.59,225,kW
7114,317.01,225,kW
7115,315.44,225,kW
7116,313.87,225,kW
7117,312.29,225,kW
7118,310.72,225,kW
7119,309.15,225,kW
7120,307.57,225,kW
7121,306,225,kW
7122,298.87,225,kW
7123,297.29,225,kW
7124,295.72,226,kW
7125,294.48,226,kW
7126,292.57,226,kW
7127,291,226,kW
7128,289.43,226,kW
7129,287.85,226,kW
7130,286.28,226,kW
7131,284.71,226,kW
7132,283.13,226,kW
7133,281.56,226,kW
7134,279.99,226,kW
7135,292.97,226,kW
7136,326.06,226,kW
7137,353.59,226,kW
7138,381.12,226,kW
7139,378.94,226,kW
7140,347.06,226,kW
7141,315.17,226,kW
7142,283.28,226,kW
7143,251.39,226,kW
7144,219.5,226,kW
7145,94.55,226,kW
7146,198,226,kW
7147,221.08,226,kW
7148,267.24,226,kW
7149,290.33,226,kW
7150,290.33,226,kW
7151,290.33,226,kW
7152,290.33,226,kW
7153,339.83,226,kW
7154,389.33,226,kW
7155,389.33,226,kW
7156,389.33,226,kW
7157,389.33,226,kW
7158,389.33,226,kW
7159,389.33,226,kW
7160,394.89,226,kW
7161,394.89,226,kW
7162,394.89,226,kW
7163,394.89,226,kW
7164,394.89,226,kW
7165,394.89,226,kW
7166,395.22,226,kW
7167,394.89,226,kW
7168,394.89,226,kW
7169,394.89,226,kW
7170,389.33,226,kW
7171,389.33,226,kW
7172,389.33,226,kW
7173,389.33,226,kW
7174,389.33,226,kW
7175,389.33,226,kW
7176,389.33,226,kW
7177,389.33,226,kW
7178,389.33,226,kW
7179,389.33,226,kW
7180,389.33,226,kW
7181,389.33,226,kW
7182,389.33,226,kW
7183,389.33,226,kW
7184,394.89,226,kW
7185,394.89,226,kW
7186,394.89,226,kW
7187,394.89,226,kW
7188,394.89,226,kW
7189,394.89,226,kW
7190,394.89,226,kW
7191,394.89,226,kW
7192,395.22,226,kW
7193,394.89,226,kW
7194,389.33,226,kW
7195,389.33,226,kW
7196,389.33,226,kW
7197,389.33,226,kW
7198,389.33,226,kW
7199,389.33,226,kW
7200,389.33,226,kW
7201,389.33,226,kW
7202,389.33,226,kW
7203,389.33,226,kW
7204,389.33,226,kW
7205,389.33,226,kW
7206,389.33,226,kW
7207,389.33,226,kW
7208,394.89,226,kW
7209,394.89,226,kW
7210,394.89,226,kW
7211,394.89,226,kW
7212,394.89,226,kW
7213,394.89,226,kW
7214,394.89,226,kW
7215,394.89,226,kW
7216,394.89,226,kW
7217,394.89,226,kW
7218,389.33,226,kW
7219,389.66,226,kW
7220,389.33,226,kW
7221,389.33,226,kW
7222,389.33,226,kW
7223,389.33,226,kW
7224,389.33,226,kW
7225,389.33,226,kW
7226,389.33,226,kW
7227,389.33,226,kW
7228,389.33,226,kW
7229,389.33,226,kW
7230,389.33,226,kW
7231,389.33,226,kW
7232,394.89,226,kW
7233,394.89,226,kW
7234,394.89,226,kW
7235,394.89,226,kW
7236,394.89,226,kW
7237,394.89,226,kW
7238,394.89,226,kW
7239,394.89,226,kW
7240,394.89,226,kW
7241,394.89,226,kW
7242,389.33,226,kW
7243,389.33,226,kW
7244,389.33,226,kW
7245,389.33,226,kW
7246,389.66,226,kW
7247,389.33,226,kW
7248,389.33,226,kW
7249,389.33,226,kW
7250,389.33,226,kW
7251,389.33,226,kW
7252,389.33,226,kW
7253,389.33,226,kW
7254,389.33,226,kW
7255,389.33,226,kW
7256,394.89,226,kW
7257,394.89,226,kW
7258,394.89,226,kW
7259,394.89,226,kW
7260,394.89,226,kW
7261,394.89,226,kW
7262,394.89,226,kW
7263,394.89,226,kW
7264,394.89,226,kW
7265,394.89,226,kW
7266,388.54,226,kW
7267,386.97,226,kW
7268,385.39,226,kW
7269,383.82,226,kW
7270,382.25,226,kW
7271,380.67,226,kW
7272,379.43,226,kW
7273,377.53,226,kW
7274,375.95,226,kW
7275,374.38,226,kW
7276,372.81,226,kW
7277,371.23,226,kW
7278,369.66,226,kW
7279,368.09,226,kW
7280,372.08,226,kW
7281,370.5,226,kW
7282,368.93,226,kW
7283,367.36,226,kW
7284,365.78,226,kW
7285,364.21,226,kW
7286,362.64,226,kW
7287,361.06,226,kW
7288,359.49,226,kW
7289,357.92,226,kW
7290,350.78,226,kW
7291,349.21,226,kW
7292,347.64,226,kW
7293,346.06,226,kW
7294,344.49,226,kW
7295,342.92,226,kW
7296,341.34,226,kW
7297,339.77,226,kW
7298,338.2,226,kW
7299,336.96,226,kW
7300,335.05,226,kW
7301,333.48,226,kW
7302,331.9,226,kW
7303,330.33,226,kW
7304,334.32,226,kW
7305,332.75,226,kW
7306,331.17,226,kW
7307,329.6,226,kW
7308,328.03,226,kW
7309,326.45,226,kW
7310,324.88,226,kW
7311,323.31,226,kW
7312,321.73,226,kW
7313,320.16,226,kW
7314,313.03,226,kW
7315,311.45,226,kW
7316,309.88,226,kW
7317,308.31,226,kW
7318,306.73,226,kW
7319,305.16,226,kW
7320,303.59,226,kW
7321,302.01,226,kW
7322,300.44,226,kW
7323,298.87,226,kW
7324,297.29,226,kW
7325,295.72,226,kW
7326,294.48,226,kW
7327,292.57,226,kW
7328,296.56,226,kW
7329,294.99,226,kW
7330,293.42,226,kW
7331,291.84,226,kW
7332,290.27,226,kW
7333,288.7,226,kW
7334,287.12,226,kW
7335,285.55,226,kW
7336,298.53,226,kW
7337,326.06,226,kW
7338,348.03,226,kW
7339,375.56,226,kW
7340,373.38,226,kW
7341,341.49,226,kW
7342,309.61,226,kW
7343,277.72,226,kW
7344,245.83,226,kW
7345,213.94,226,kW
7346,88.99,226,kW
7347,198,226,kW
7348,221.08,226,kW
7349,267.24,226,kW
7350,290.33,226,kW
7351,290.33,226,kW
7352,295.89,226,kW
7353,295.89,226,kW
7354,345.39,226,kW
7355,394.89,226,kW
7356,394.89,226,kW
7357,394.89,226,kW
7358,394.89,226,kW
7359,394.89,226,kW
7360,394.89,226,kW
7361,394.89,226,kW
7362,389.33,226,kW
7363,389.33,226,kW
7364,389.33,226,kW
7365,389.33,226,kW
7366,389.33,226,kW
7367,389.66,226,kW
7368,389.33,226,kW
7369,389.33,226,kW
7370,389.33,226,kW
7371,389.33,226,kW
7372,389.33,226,kW
7373,389.33,226,kW
7374,389.33,226,kW
7375,389.33,226,kW
7376,394.89,226,kW
7377,394.89,226,kW
7378,394.89,226,kW
7379,394.89,226,kW
7380,394.89,226,kW
7381,394.89,226,kW
7382,394.89,226,kW
7383,394.89,226,kW
7384,394.89,226,kW
7385,394.89,226,kW
7386,389.33,226,kW
7387,389.33,226,kW
7388,389.33,226,kW
7389,389.33,226,kW
7390,389.33,226,kW
7391,389.33,226,kW
7392,389.33,226,kW
7393,389.66,226,kW
7394,389.33,226,kW
7395,389.33,226,kW
7396,389.33,226,kW
7397,389.33,226,kW
7398,389.33,226,kW
7399,389.33,226,kW
7400,394.89,226,kW
7401,394.89,226,kW
7402,394.89,226,kW
7403,394.89,226,kW
7404,394.89,226,kW
7405,394.89,226,kW
7406,394.89,226,kW
7407,394.89,226,kW
7408,394.89,226,kW
7409,394.89,226,kW
7410,389.33,226,kW
7411,389.33,226,kW
7412,389.33,226,kW
7413,389.33,226,kW
7414,389.33,226,kW
7415,389.33,226,kW
7416,389.33,226,kW
7417,389.33,226,kW
7418,389.33,226,kW
7419,389.33,226,kW
7420,389.66,226,kW
7421,389.33,226,kW
7422,389.33,226,kW
7423,389.33,226,kW
7424,394.89,226,kW
7425,394.89,226,kW
7426,394.89,226,kW
7427,394.89,226,kW
7428,394.89,226,kW
7429,394.89,226,kW
7430,394.89,226,kW
7431,394.89,226,kW
7432,394.89,226,kW
7433,394.89,226,kW
7434,389.33,226,kW
7435,389.33,226,kW
7436,389.33,226,kW
7437,389.33,226,kW
7438,389.33,226,kW
7439,389.33,226,kW
7440,389.33,226,kW
7441,389.33,226,kW
7442,389.33,226,kW
7443,389.33,226,kW
7444,389.33,226,kW
7445,389.33,226,kW
7446,389.33,226,kW
7447,389.66,226,kW
7448,394.89,226,kW
7449,394.89,226,kW
7450,394.89,226,kW
7451,394.89,226,kW
7452,394.89,226,kW
7453,394.89,226,kW
7454,394.89,226,kW
7455,394.89,226,kW
7456,394.89,226,kW
7457,394.89,226,kW
7458,389.33,226,kW
7459,389.33,226,kW
7460,389.33,226,kW
7461,389.33,226,kW
7462,389.33,226,kW
7463,389.33,226,kW
7464,389.33,226,kW
7465,389.33,226,kW
7466,389.33,226,kW
7467,388.54,226,kW
7468,386.97,226,kW
7469,385.39,226,kW
7470,383.82,226,kW
7471,382.25,226,kW
7472,386.24,226,kW
7473,385,226,kW
7474,383.09,226,kW
7475,381.52,226,kW
7476,379.94,226,kW
7477,378.37,226,kW
7478,376.8,226,kW
7479,375.22,226,kW
7480,373.65,226,kW
7481,372.08,226,kW
7482,364.94,226,kW
7483,363.37,226,kW
7484,361.8,226,kW
7485,360.22,226,kW
7486,358.65,226,kW
7487,357.08,226,kW
7488,355.5,226,kW
7489,353.93,226,kW
7490,352.36,226,kW
7491,350.78,226,kW
7492,349.21,226,kW
7493,347.64,226,kW
7494,346.06,226,kW
7495,344.49,226,kW
7496,348.48,226,kW
7497,346.91,226,kW
7498,345.33,226,kW
7499,343.76,226,kW
7500,342.52,226,kW
7501,340.61,226,kW
7502,339.04,226,kW
7503,337.47,226,kW
7504,335.89,226,kW
7505,334.32,226,kW
7506,327.18,226,kW
7507,325.61,226,kW
7508,324.04,226,kW
7509,322.46,226,kW
7510,320.89,226,kW
7511,319.32,226,kW
7512,317.75,226,kW
7513,316.17,226,kW
7514,314.6,226,kW
7515,313.03,226,kW
7516,311.45,226,kW
7517,309.88,226,kW
7518,308.31,226,kW
7519,306.73,226,kW
7520,310.72,226,kW
7521,309.15,226,kW
7522,307.57,226,kW
7523,306,226,kW
7524,304.43,226,kW
7525,302.86,226,kW
7526,301.28,226,kW
7527,300.04,226,kW
7528,298.14,226,kW
7529,296.56,226,kW
7530,289.43,226,kW
7531,287.85,226,kW
7532,286.28,226,kW
7533,284.71,226,kW
7534,283.13,226,kW
7535,281.56,226,kW
7536,279.99,226,kW
7537,292.97,226,kW
7538,320.5,226,kW
7539,348.03,226,kW
7540,375.56,226,kW
7541,373.38,226,kW
7542,341.49,226,kW
7543,309.61,226,kW
7544,283.28,226,kW
7545,251.39,226,kW
7546,219.5,226,kW
7547,94.55,226,kW
7548,203.56,226,kW
7549,226.64,226,kW
7550,272.81,226,kW
7551,295.89,226,kW
7552,295.89,226,kW
7553,295.89,226,kW
7554,290.33,226,kW
7555,339.83,226,kW
7556,389.33,226,kW
7557,389.33,226,kW
7558,389.33,226,kW
7559,389.33,226,kW
7560,389.33,226,kW
7561,389.33,226,kW
7562,389.33,226,kW
7563,389.33,226,kW
7564,389.33,226,kW
7565,389.33,226,kW
7566,389.33,226,kW
7567,389.33,226,kW
7568,395.22,226,kW
7569,394.89,226,kW
7570,394.89,226,kW
7571,394.89,226,kW
7572,394.89,226,kW
7573,394.89,226,kW
7574,394.89,226,kW
7575,394.89,226,kW
7576,394.89,226,kW
7577,394.89,226,kW
7578,389.33,226,kW
7579,389.33,226,kW
7580,389.33,226,kW
7581,389.33,226,kW
7582,389.33,226,kW
7583,389.33,226,kW
7584,389.33,226,kW
7585,389.33,226,kW
7586,389.33,226,kW
7587,389.33,226,kW
7588,389.33,226,kW
7589,389.33,226,kW
7590,389.33,226,kW
7591,389.33,226,kW
7592,394.89,226,kW
7593,394.89,226,kW
7594,395.22,226,kW
7595,394.89,226,kW
7596,394.89,226,kW
7597,394.89,226,kW
7598,394.89,226,kW
7599,394.89,226,kW
7600,394.89,226,kW
7601,394.89,226,kW
7602,389.33,226,kW
7603,389.33,226,kW
7604,389.33,226,kW
7605,389.33,226,kW
7606,389.33,226,kW
7607,389.33,226,kW
7608,389.33,226,kW
7609,389.33,226,kW
7610,389.33,226,kW
7611,389.33,226,kW
7612,389.33,226,kW
7613,389.33,226,kW
7614,389.33,226,kW
7615,389.33,226,kW
7616,394.89,226,kW
7617,394.89,226,kW
7618,394.89,226,kW
7619,394.89,226,kW
7620,394.89,226,kW
7621,395.22,226,kW
7622,394.89,226,kW
7623,394.89,226,kW
7624,394.89,226,kW
7625,394.89,226,kW
7626,389.33,226,kW
7627,389.33,226,kW
7628,389.33,226,kW
7629,389.33,226,kW
7630,389.33,226,kW
7631,389.33,226,kW
7632,389.33,226,kW
7633,389.33,226,kW
7634,389.33,226,kW
7635,389.33,226,kW
7636,389.33,226,kW
7637,389.33,226,kW
7638,389.33,226,kW
7639,389.33,226,kW
7640,394.89,226,kW
7641,394.89,226,kW
7642,394.89,226,kW
7643,394.89,226,kW
7644,394.89,226,kW
7645,394.89,226,kW
7646,394.89,226,kW
7647,394.89,226,kW
7648,395.22,226,kW
7649,394.89,226,kW
7650,389.33,226,kW
7651,389.33,226,kW
7652,389.33,226,kW
7653,389.33,226,kW
7654,389.33,226,kW
7655,389.33,226,kW
7656,389.33,226,kW
7657,389.33,226,kW
7658,389.33,226,kW
7659,389.33,226,kW
7660,389.33,226,kW
7661,389.33,226,kW
7662,389.33,226,kW
7663,389.33,226,kW
7664,394.89,226,kW
7665,394.89,226,kW
7666,394.89,226,kW
7667,394.89,226,kW
7668,394.1,226,kW
7669,392.53,226,kW
7670,390.96,226,kW
7671,389.38,226,kW
7672,387.81,226,kW
7673,386.24,226,kW
7674,379.43,226,kW
7675,377.53,226,kW
7676,375.95,226,kW
7677,374.38,226,kW
7678,372.81,226,kW
7679,371.23,226,kW
7680,369.66,226,kW
7681,368.09,226,kW
7682,366.51,226,kW
7683,364.94,226,kW
7684,363.37,226,kW
7685,361.8,226,kW
7686,360.22,226,kW
7687,358.65,226,kW
7688,362.64,226,kW
7689,361.06,226,kW
7690,359.49,226,kW
7691,357.92,226,kW
7692,356.34,226,kW
7693,354.77,226,kW
7694,353.2,226,kW
7695,351.62,226,kW
7696,350.05,226,kW
7697,348.48,226,kW
7698,341.34,226,kW
7699,339.77,226,kW
7700,338.2,226,kW
7701,336.96,226,kW
7702,335.05,226,kW
7703,333.48,226,kW
7704,331.9,226,kW
7705,330.33,226,kW
7706,328.76,226,kW
7707,327.18,226,kW
7708,325.61,226,kW
7709,324.04,226,kW
7710,322.46,226,kW
7711,320.89,226,kW
7712,324.88,226,kW
7713,323.31,226,kW
7714,321.73,226,kW
7715,320.16,226,kW
7716,318.59,226,kW
7717,317.01,226,kW
7718,315.44,226,kW
7719,313.87,227,kW
7720,312.29,227,kW
7721,310.72,227,kW
7722,303.59,227,kW
7723,302.01,227,kW
7724,300.44,227,kW
7725,298.87,227,kW
7726,297.29,227,kW
7727,295.72,227,kW
7728,294.48,227,kW
7729,292.57,227,kW
7730,291,227,kW
7731,289.43,227,kW
7732,287.85,227,kW
7733,286.28,227,kW
7734,284.71,227,kW
7735,283.13,227,kW
7736,287.12,227,kW
7737,285.55,227,kW
7738,298.53,227,kW
7739,326.06,227,kW
7740,353.59,227,kW
7741,381.12,227,kW
7742,378.94,227,kW
7743,347.06,227,kW
7744,315.17,227,kW
7745,283.28,227,kW
7746,245.83,227,kW
7747,213.94,227,kW
7748,88.99,227,kW
7749,198,227,kW
7750,221.08,227,kW
7751,267.24,227,kW
7752,290.33,227,kW
7753,290.33,227,kW
7754,290.33,227,kW
7755,290.33,227,kW
7756,339.83,227,kW
7757,389.33,227,kW
7758,389.33,227,kW
7759,389.33,227,kW
7760,394.89,227,kW
7761,394.89,227,kW
7762,394.89,227,kW
7763,394.89,227,kW
7764,394.89,227,kW
7765,394.89,227,kW
7766,394.89,227,kW
7767,394.89,227,kW
7768,394.89,227,kW
7769,395.22,227,kW
7770,389.33,227,kW
7771,389.33,227,kW
7772,389.33,227,kW
7773,389.33,227,kW
7774,389.33,227,kW
7775,389.33,227,kW
7776,389.33,227,kW
7777,389.33,227,kW
7778,389.33,227,kW
7779,389.33,227,kW
7780,389.33,227,kW
7781,389.33,227,kW
7782,389.33,227,kW
7783,389.33,227,kW
7784,394.89,227,kW
7785,394.89,227,kW
7786,394.89,227,kW
7787,394.89,227,kW
7788,394.89,227,kW
7789,394.89,227,kW
7790,394.89,227,kW
7791,394.89,227,kW
7792,394.89,227,kW
7793,394.89,227,kW
7794,389.33,227,kW
7795,389.66,227,kW
7796,389.33,227,kW
7797,389.33,227,kW
7798,389.33,227,kW
7799,389.33,227,kW
7800,389.33,227,kW
7801,389.33,227,kW
7802,389.33,227,kW
7803,389.33,227,kW
7804,389.33,227,kW
7805,389.33,227,kW
7806,389.33,227,kW
7807,389.33,227,kW
7808,394.89,227,kW
7809,394.89,227,kW
7810,394.89,227,kW
7811,394.89,227,kW
7812,394.89,227,kW
7813,394.89,227,kW
7814,394.89,227,kW
7815,394.89,227,kW
7816,394.89,227,kW
7817,394.89,227,kW
7818,389.33,227,kW
7819,389.33,227,kW
7820,389.33,227,kW
7821,389.33,227,kW
7822,389.66,227,kW
7823,389.33,227,kW
7824,389.33,227,kW
7825,389.33,227,kW
7826,389.33,227,kW
7827,389.33,227,kW
7828,389.33,227,kW
7829,389.33,227,kW
7830,389.33,227,kW
7831,389.33,227,kW
7832,394.89,227,kW
7833,394.89,227,kW
7834,394.89,227,kW
7835,394.89,227,kW
7836,394.89,227,kW
7837,394.89,227,kW
7838,394.89,227,kW
7839,394.89,227,kW
7840,394.89,227,kW
7841,394.89,227,kW
7842,389.33,227,kW
7843,389.33,227,kW
7844,389.33,227,kW
7845,389.33,227,kW
7846,389.33,227,kW
7847,389.33,227,kW
7848,389.33,227,kW
7849,389.66,227,kW
7850,389.33,227,kW
7851,389.33,227,kW
7852,389.33,227,kW
7853,389.33,227,kW
7854,389.33,227,kW
7855,389.33,227,kW
7856,394.89,227,kW
7857,394.89,227,kW
7858,394.89,227,kW
7859,394.89,227,kW
7860,394.89,227,kW
7861,394.89,227,kW
7862,394.89,227,kW
7863,394.89,227,kW
7864,394.89,227,kW
7865,394.89,227,kW
7866,389.33,227,kW
7867,389.33,227,kW
7868,389.33,227,kW
7869,388.54,227,kW
7870,386.97,227,kW
7871,385.39,227,kW
7872,383.82,227,kW
7873,382.25,227,kW
7874,380.67,227,kW
7875,379.43,227,kW
7876,377.53,227,kW
7877,375.95,227,kW
7878,374.38,227,kW
7879,372.81,227,kW
7880,376.8,227,kW
7881,375.22,227,kW
7882,373.65,227,kW
7883,372.08,227,kW
7884,370.5,227,kW
7885,368.93,227,kW
7886,367.36,227,kW
7887,365.78,227,kW
7888,364.21,227,kW
7889,362.64,227,kW
7890,355.5,227,kW
7891,353.93,227,kW
7892,352.36,227,kW
7893,350.78,227,kW
7894,349.21,227,kW
7895,347.64,227,kW
7896,346.06,227,kW
7897,344.49,227,kW
7898,342.92,227,kW
7899,341.34,227,kW
7900,339.77,227,kW
7901,338.2,227,kW
7902,336.96,227,kW
7903,335.05,227,kW
7904,339.04,227,kW
7905,337.47,227,kW
7906,335.89,227,kW
7907,334.32,227,kW
7908,332.75,227,kW
7909,331.17,227,kW
7910,329.6,227,kW
7911,328.03,227,kW
7912,326.45,227,kW
7913,324.88,227,kW
7914,317.75,227,kW
7915,316.17,227,kW
7916,314.6,227,kW
7917,313.03,227,kW
7918,311.45,227,kW
7919,309.88,227,kW
7920,308.31,227,kW
7921,306.73,227,kW
7922,305.16,227,kW
7923,303.59,227,kW
7924,302.01,227,kW
7925,300.44,227,kW
7926,298.87,227,kW
7927,297.29,227,kW
7928,301.28,227,kW
7929,300.04,227,kW
7930,298.14,227,kW
7931,296.56,227,kW
7932,294.99,227,kW
7933,293.42,227,kW
7934,291.84,227,kW
7935,290.27,227,kW
7936,288.7,227,kW
7937,287.12,227,kW
7938,279.99,227,kW
7939,292.97,227,kW
7940,320.5,227,kW
7941,348.03,227,kW
7942,375.56,227,kW
7943,373.38,227,kW
7944,341.49,227,kW
7945,309.61,227,kW
7946,277.72,227,kW
7947,245.83,227,kW
7948,213.94,227,kW
7949,88.99,227,kW
7950,198,227,kW
7951,221.08,227,kW
7952,272.81,227,kW
7953,295.89,227,kW
7954,295.89,227,kW
7955,295.89,227,kW
7956,295.89,227,kW
7957,345.39,227,kW
7958,394.89,227,kW
7959,394.89,227,kW
7960,394.89,227,kW
7961,394.89,227,kW
7962,389.33,227,kW
7963,389.33,227,kW
7964,389.33,227,kW
7965,389.33,227,kW
7966,389.33,227,kW
7967,389.33,227,kW
7968,389.33,227,kW
7969,389.33,227,kW
7970,389.66,227,kW
7971,389.33,227,kW
7972,389.33,227,kW
7973,389.33,227,kW
7974,389.33,227,kW
7975,389.33,227,kW
7976,394.89,227,kW
7977,394.89,227,kW
7978,394.89,227,kW
7979,394.89,227,kW
7980,394.89,227,kW
7981,394.89,227,kW
7982,394.89,227,kW
7983,394.89,227,kW
7984,394.89,227,kW
7985,394.89,227,kW
7986,389.33,227,kW
7987,389.33,227,kW
7988,389.33,227,kW
7989,389.33,227,kW
7990,389.33,227,kW
7991,389.33,227,kW
7992,389.33,227,kW
7993,389.33,227,kW
7994,389.33,227,kW
7995,389.33,227,kW
7996,389.66,227,kW
7997,389.33,227,kW
7998,389.33,227,kW
7999,389.33,227,kW
8000,394.89,227,kW
8001,394.89,227,kW
8002,394.89,227,kW
8003,394.89,227,kW
8004,394.89,227,kW
8005,394.89,227,kW
8006,394.89,227,kW
8007,394.89,227,kW
8008,394.89,227,kW
8009,394.89,227,kW
8010,389.33,227,kW
8011,389.33,227,kW
8012,389.33,227,kW
8013,389.33,227,kW
8014,389.33,227,kW
8015,389.33,227,kW
8016,389.33,227,kW
8017,389.33,227,kW
8018,389.33,227,kW
8019,389.33,227,kW
8020,389.33,227,kW
8021,389.33,227,kW
8022,389.33,227,kW
8023,389.66,227,kW
8024,394.89,227,kW
8025,394.89,227,kW
8026,394.89,227,kW
8027,394.89,227,kW
8028,394.89,227,kW
8029,394.89,227,kW
8030,394.89,227,kW
8031,394.89,227,kW
8032,394.89,227,kW
8033,394.89,227,kW
8034,389.33,227,kW
8035,389.33,227,kW
8036,389.33,227,kW
8037,389.33,227,kW
8038,389.33,227,kW
8039,389.33,227,kW
8040,389.33,227,kW
8041,389.33,227,kW
8042,389.33,227,kW
8043,389.33,227,kW
8044,389.33,227,kW
8045,389.33,227,kW
8046,389.33,227,kW
8047,389.33,227,kW
8048,394.89,227,kW
8049,394.89,227,kW
8050,395.22,227,kW
8051,394.89,227,kW
8052,394.89,227,kW
8053,394.89,227,kW
8054,394.89,227,kW
8055,394.89,227,kW
8056,394.89,227,kW
8057,394.89,227,kW
8058,389.33,227,kW
8059,389.33,227,kW
8060,389.33,227,kW
8061,389.33,227,kW
8062,389.33,227,kW
8063,389.33,227,kW
8064,389.33,227,kW
8065,389.33,227,kW
8066,389.33,227,kW
8067,389.33,227,kW
8068,389.33,227,kW
8069,389.33,227,kW
8070,388.54,227,kW
8071,386.97,227,kW
8072,390.96,227,kW
8073,389.38,227,kW
8074,387.81,227,kW
8075,386.24,227,kW
8076,385,227,kW
8077,383.09,227,kW
8078,381.52,227,kW
8079,379.94,227,kW
8080,378.37,227,kW
8081,376.8,227,kW
8082,369.66,227,kW
8083,368.09,227,kW
8084,366.51,227,kW
8085,364.94,227,kW
8086,363.37,227,kW
8087,361.8,227,kW
8088,360.22,227,kW
8089,358.65,227,kW
8090,357.08,227,kW
8091,355.5,227,kW
8092,353.93,227,kW
8093,352.36,227,kW
8094,350.78,227,kW
8095,349.21,227,kW
8096,353.2,227,kW
8097,351.62,227,kW
8098,350.05,227,kW
8099,348.48,227,kW
8100,346.91,227,kW
8101,345.33,227,kW
8102,343.76,227,kW
8103,342.52,227,kW
8104,340.61,227,kW
8105,339.04,227,kW
8106,331.9,227,kW
8107,330.33,227,kW
8108,328.76,227,kW
8109,327.18,227,kW
8110,325.61,227,kW
8111,324.04,227,kW
8112,322.46,227,kW
8113,320.89,227,kW
8114,319.32,227,kW
8115,317.75,227,kW
8116,316.17,227,kW
8117,314.6,227,kW
8118,313.03,227,kW
8119,311.45,227,kW
8120,315.44,227,kW
8121,313.87,227,kW
8122,312.29,227,kW
8123,310.72,227,kW
8124,309.15,227,kW
8125,307.57,227,kW
8126,306,227,kW
8127,304.43,227,kW
8128,302.86,227,kW
8129,301.28,227,kW
8130,294.48,227,kW
8131,292.57,227,kW
8132,291,227,kW
8133,289.43,227,kW
8134,287.85,227,kW
8135,286.28,227,kW
8136,284.71,227,kW
8137,283.13,227,kW
8138,281.56,227,kW
8139,279.99,227,kW
8140,292.97,227,kW
8141,320.5,227,kW
8142,348.03,227,kW
8143,375.56,227,kW
8144,378.94,227,kW
8145,347.06,227,kW
8146,315.17,227,kW
8147,283.28,227,kW
8148,251.39,227,kW
8149,219.5,227,kW
8150,94.55,227,kW
8151,203.56,227,kW
8152,226.64,227,kW
8153,272.81,227,kW
8154,290.33,227,kW
8155,290.33,227,kW
8156,290.33,227,kW
8157,290.33,227,kW
8158,339.83,227,kW
8159,389.33,227,kW
8160,389.33,227,kW
8161,389.33,227,kW
8162,389.33,227,kW
8163,389.33,227,kW
8164,389.33,227,kW
8165,389.33,227,kW
8166,389.33,227,kW
8167,389.33,227,kW
8168,394.89,227,kW
8169,394.89,227,kW
8170,394.89,227,kW
8171,395.22,227,kW
8172,394.89,227,kW
8173,394.89,227,kW
8174,394.89,227,kW
8175,394.89,227,kW
8176,394.89,227,kW
8177,394.89,227,kW
8178,389.33,227,kW
8179,389.33,227,kW
8180,389.33,227,kW
8181,389.33,227,kW
8182,389.33,227,kW
8183,389.33,227,kW
8184,389.33,227,kW
8185,389.33,227,kW
8186,389.33,227,kW
8187,389.33,227,kW
8188,389.33,227,kW
8189,389.33,227,kW
8190,389.33,227,kW
8191,389.33,227,kW
8192,394.89,227,kW
8193,394.89,227,kW
8194,394.89,227,kW
8195,394.89,227,kW
8196,394.89,227,kW
8197,395.22,227,kW
8198,394.89,227,kW
8199,394.89,227,kW
8200,394.89,227,kW
8201,394.89,227,kW
8202,389.33,227,kW
8203,389.33,227,kW
8204,389.33,227,kW
8205,389.33,227,kW
8206,389.33,227,kW
8207,389.33,227,kW
8208,389.33,227,kW
8209,389.33,227,kW
8210,389.33,227,kW
8211,389.33,227,kW
8212,389.33,227,kW
8213,389.33,227,kW
8214,389.33,227,kW
8215,389.33,227,kW
8216,394.89,227,kW
8217,394.89,227,kW
8218,394.89,227,kW
8219,394.89,227,kW
8220,394.89,227,kW
8221,394.89,227,kW
8222,394.89,227,kW
8223,394.89,227,kW
8224,395.22,227,kW
8225,394.89,227,kW
8226,389.33,227,kW
8227,389.33,227,kW
8228,389.33,227,kW
8229,389.33,227,kW
8230,389.33,227,kW
8231,389.33,227,kW
8232,389.33,227,kW
8233,389.33,227,kW
8234,389.33,227,kW
8235,389.33,227,kW
8236,389.33,227,kW
8237,389.33,227,kW
8238,389.33,227,kW
8239,389.33,227,kW
8240,394.89,227,kW
8241,394.89,227,kW
8242,394.89,227,kW
8243,394.89,227,kW
8244,394.89,227,kW
8245,394.89,227,kW
8246,394.89,227,kW
8247,394.89,227,kW
8248,394.89,227,kW
8249,394.89,227,kW
8250,389.33,227,kW
8251,389.66,227,kW
8252,389.33,227,kW
8253,389.33,227,kW
8254,389.33,227,kW
8255,389.33,227,kW
8256,389.33,227,kW
8257,389.33,227,kW
8258,389.33,227,kW
8259,389.33,227,kW
8260,389.33,227,kW
8261,389.33,227,kW
8262,389.33,227,kW
8263,389.33,227,kW
8264,394.89,227,kW
8265,394.89,227,kW
8266,394.89,227,kW